INFO 2025-07-15 23:40:42,935 autoreload Watching for file changes with StatReloader
INFO 2025-07-15 23:43:40,250 basehttp "POST /api/token/ HTTP/1.1" 200 659
INFO 2025-07-15 23:44:15,562 basehttp "GET /api/users/ HTTP/1.1" 200 5888
INFO 2025-07-15 23:46:54,553 autoreload /media/allano/53CE082D539E52ED/_pD_BE/booking_app_BE/booking_app/users/views/user_views.py changed, reloading.
INFO 2025-07-15 23:46:59,238 autoreload Watching for file changes with StatReloader
INFO 2025-07-15 23:47:04,431 basehttp "GET /api/users/ HTTP/1.1" 200 5888
INFO 2025-07-15 23:47:15,187 basehttp "GET /api/users/ HTTP/1.1" 200 5888
INFO 2025-07-15 23:47:30,072 basehttp "GET /api/users/ HTTP/1.1" 200 5888
INFO 2025-07-15 23:48:01,971 autoreload /media/allano/53CE082D539E52ED/_pD_BE/booking_app_BE/booking_app/users/views/user_views.py changed, reloading.
INFO 2025-07-15 23:48:07,134 autoreload Watching for file changes with StatReloader
INFO 2025-07-15 23:48:14,074 basehttp "GET /api/users/ HTTP/1.1" 200 5888
INFO 2025-07-15 23:52:45,013 autoreload /media/allano/53CE082D539E52ED/_pD_BE/booking_app_BE/booking_app/users/views/user_views.py changed, reloading.
INFO 2025-07-15 23:52:49,164 autoreload Watching for file changes with StatReloader
INFO 2025-07-15 23:52:52,315 basehttp "GET /api/users/ HTTP/1.1" 200 365
INFO 2025-07-15 23:54:43,160 autoreload /media/allano/53CE082D539E52ED/_pD_BE/booking_app_BE/booking_app/users/views/user_views.py changed, reloading.
INFO 2025-07-15 23:54:47,176 autoreload Watching for file changes with StatReloader
INFO 2025-07-15 23:54:53,032 basehttp "GET /api/users/ HTTP/1.1" 200 365
INFO 2025-07-15 23:55:11,268 basehttp "GET /api/users/99aaf74d-8867-4e52-a2f9-124657ea2a81/ HTTP/1.1" 200 313
INFO 2025-07-15 23:55:43,651 autoreload /media/allano/53CE082D539E52ED/_pD_BE/booking_app_BE/booking_app/users/views/user_views.py changed, reloading.
INFO 2025-07-15 23:55:47,519 autoreload Watching for file changes with StatReloader
INFO 2025-07-15 23:55:57,670 basehttp "GET /api/users/ HTTP/1.1" 200 365
INFO 2025-07-15 23:58:09,577 autoreload /media/allano/53CE082D539E52ED/_pD_BE/booking_app_BE/booking_app/users/urls.py changed, reloading.
INFO 2025-07-15 23:58:13,862 autoreload Watching for file changes with StatReloader
INFO 2025-07-15 23:58:47,556 autoreload /media/allano/53CE082D539E52ED/_pD_BE/booking_app_BE/booking_app/users/urls.py changed, reloading.
INFO 2025-07-15 23:58:52,021 autoreload Watching for file changes with StatReloader
INFO 2025-07-15 23:58:57,328 basehttp "GET /api/users/ HTTP/1.1" 200 365
WARNING 2025-07-15 23:59:37,248 log Not Found: /api/users/listings/
WARNING 2025-07-15 23:59:37,248 log Not Found: /api/users/listings/
WARNING 2025-07-15 23:59:37,249 basehttp "GET /api/users/listings/ HTTP/1.1" 404 23
INFO 2025-07-16 00:00:30,806 basehttp "POST /api/token/ HTTP/1.1" 200 654
WARNING 2025-07-16 00:00:52,328 log Not Found: /api/users/listings/
WARNING 2025-07-16 00:00:52,328 log Not Found: /api/users/listings/
WARNING 2025-07-16 00:00:52,329 basehttp "GET /api/users/listings/ HTTP/1.1" 404 23
WARNING 2025-07-16 00:03:31,150 log Forbidden: /api/users/listings/
WARNING 2025-07-16 00:03:31,150 log Forbidden: /api/users/listings/
WARNING 2025-07-16 00:03:31,151 basehttp "POST /api/users/listings/ HTTP/1.1" 403 63
INFO 2025-07-16 00:17:05,786 autoreload Watching for file changes with StatReloader
WARNING 2025-07-16 00:17:12,086 log Unauthorized: /api/token/
WARNING 2025-07-16 00:17:12,086 log Unauthorized: /api/token/
WARNING 2025-07-16 00:17:12,087 basehttp "POST /api/token/ HTTP/1.1" 401 63
INFO 2025-07-16 00:17:22,718 basehttp "POST /api/token/ HTTP/1.1" 200 654
WARNING 2025-07-16 00:17:50,326 log Forbidden: /api/users/listings/
WARNING 2025-07-16 00:17:50,326 log Forbidden: /api/users/listings/
WARNING 2025-07-16 00:17:50,327 basehttp "POST /api/users/listings/ HTTP/1.1" 403 107
INFO 2025-07-16 00:18:24,241 basehttp "POST /api/token/ HTTP/1.1" 200 654
INFO 2025-07-16 00:18:43,249 basehttp "GET /api/users/ HTTP/1.1" 200 366
INFO 2025-07-16 00:19:00,403 basehttp "GET /api/users/48a4f323-ccc2-4213-810e-7266e2a5c38e/ HTTP/1.1" 200 314
ERROR 2025-07-16 00:19:20,808 log Internal Server Error: /api/users/48a4f323-ccc2-4213-810e-7266e2a5c38e/listings/
Traceback (most recent call last):
  File "/media/allano/53CE082D539E52ED/_pD_BE/booking_app_BE/venv/lib/python3.10/site-packages/django/core/handlers/exception.py", line 55, in inner
    response = get_response(request)
  File "/media/allano/53CE082D539E52ED/_pD_BE/booking_app_BE/venv/lib/python3.10/site-packages/django/core/handlers/base.py", line 197, in _get_response
    response = wrapped_callback(request, *callback_args, **callback_kwargs)
  File "/media/allano/53CE082D539E52ED/_pD_BE/booking_app_BE/venv/lib/python3.10/site-packages/django/views/decorators/csrf.py", line 65, in _view_wrapper
    return view_func(request, *args, **kwargs)
  File "/media/allano/53CE082D539E52ED/_pD_BE/booking_app_BE/venv/lib/python3.10/site-packages/rest_framework/viewsets.py", line 125, in view
    return self.dispatch(request, *args, **kwargs)
  File "/media/allano/53CE082D539E52ED/_pD_BE/booking_app_BE/venv/lib/python3.10/site-packages/rest_framework/views.py", line 515, in dispatch
    response = self.handle_exception(exc)
  File "/media/allano/53CE082D539E52ED/_pD_BE/booking_app_BE/venv/lib/python3.10/site-packages/rest_framework/views.py", line 475, in handle_exception
    self.raise_uncaught_exception(exc)
  File "/media/allano/53CE082D539E52ED/_pD_BE/booking_app_BE/venv/lib/python3.10/site-packages/rest_framework/views.py", line 486, in raise_uncaught_exception
    raise exc
  File "/media/allano/53CE082D539E52ED/_pD_BE/booking_app_BE/venv/lib/python3.10/site-packages/rest_framework/views.py", line 503, in dispatch
    self.initial(request, *args, **kwargs)
  File "/media/allano/53CE082D539E52ED/_pD_BE/booking_app_BE/venv/lib/python3.10/site-packages/rest_framework/views.py", line 421, in initial
    self.check_permissions(request)
  File "/media/allano/53CE082D539E52ED/_pD_BE/booking_app_BE/venv/lib/python3.10/site-packages/rest_framework/views.py", line 338, in check_permissions
    if not permission.has_permission(request, self):
TypeError: IsOwnerOrAdmin.has_permission() missing 1 required positional argument: 'view'
ERROR 2025-07-16 00:19:20,808 log Internal Server Error: /api/users/48a4f323-ccc2-4213-810e-7266e2a5c38e/listings/
Traceback (most recent call last):
  File "/media/allano/53CE082D539E52ED/_pD_BE/booking_app_BE/venv/lib/python3.10/site-packages/django/core/handlers/exception.py", line 55, in inner
    response = get_response(request)
  File "/media/allano/53CE082D539E52ED/_pD_BE/booking_app_BE/venv/lib/python3.10/site-packages/django/core/handlers/base.py", line 197, in _get_response
    response = wrapped_callback(request, *callback_args, **callback_kwargs)
  File "/media/allano/53CE082D539E52ED/_pD_BE/booking_app_BE/venv/lib/python3.10/site-packages/django/views/decorators/csrf.py", line 65, in _view_wrapper
    return view_func(request, *args, **kwargs)
  File "/media/allano/53CE082D539E52ED/_pD_BE/booking_app_BE/venv/lib/python3.10/site-packages/rest_framework/viewsets.py", line 125, in view
    return self.dispatch(request, *args, **kwargs)
  File "/media/allano/53CE082D539E52ED/_pD_BE/booking_app_BE/venv/lib/python3.10/site-packages/rest_framework/views.py", line 515, in dispatch
    response = self.handle_exception(exc)
  File "/media/allano/53CE082D539E52ED/_pD_BE/booking_app_BE/venv/lib/python3.10/site-packages/rest_framework/views.py", line 475, in handle_exception
    self.raise_uncaught_exception(exc)
  File "/media/allano/53CE082D539E52ED/_pD_BE/booking_app_BE/venv/lib/python3.10/site-packages/rest_framework/views.py", line 486, in raise_uncaught_exception
    raise exc
  File "/media/allano/53CE082D539E52ED/_pD_BE/booking_app_BE/venv/lib/python3.10/site-packages/rest_framework/views.py", line 503, in dispatch
    self.initial(request, *args, **kwargs)
  File "/media/allano/53CE082D539E52ED/_pD_BE/booking_app_BE/venv/lib/python3.10/site-packages/rest_framework/views.py", line 421, in initial
    self.check_permissions(request)
  File "/media/allano/53CE082D539E52ED/_pD_BE/booking_app_BE/venv/lib/python3.10/site-packages/rest_framework/views.py", line 338, in check_permissions
    if not permission.has_permission(request, self):
TypeError: IsOwnerOrAdmin.has_permission() missing 1 required positional argument: 'view'
ERROR 2025-07-16 00:19:20,823 basehttp "GET /api/users/48a4f323-ccc2-4213-810e-7266e2a5c38e/listings/ HTTP/1.1" 500 111800
INFO 2025-07-16 00:21:07,399 autoreload /media/allano/53CE082D539E52ED/_pD_BE/booking_app_BE/booking_app/common/permissions/permissions.py changed, reloading.
INFO 2025-07-16 00:21:11,742 autoreload Watching for file changes with StatReloader
INFO 2025-07-16 00:22:49,751 autoreload /media/allano/53CE082D539E52ED/_pD_BE/booking_app_BE/booking_app/listings/views/listing_views.py changed, reloading.
INFO 2025-07-16 00:22:54,026 autoreload Watching for file changes with StatReloader
INFO 2025-07-16 00:22:55,226 basehttp "GET /api/users/48a4f323-ccc2-4213-810e-7266e2a5c38e/listings/ HTTP/1.1" 200 4221
INFO 2025-07-16 00:23:24,048 basehttp "GET /api/users/48a4f323-ccc2-4213-810e-7266e2a5c38e/listings/f95de052-bfa5-4927-85ee-c9c79f573adf/ HTTP/1.1" 200 2110
INFO 2025-07-16 00:24:13,326 basehttp "GET /api/users/48a4f323-ccc2-4213-810e-7266e2a5c38e/listings/f95de052-bfa5-4927-85ee-c9c79f573adf/ HTTP/1.1" 200 2110
INFO 2025-07-16 00:24:55,699 basehttp "DELETE /api/users/48a4f323-ccc2-4213-810e-7266e2a5c38e/listings/f95de052-bfa5-4927-85ee-c9c79f573adf/ HTTP/1.1" 204 0
WARNING 2025-07-16 00:25:23,423 log Not Found: /api/users/48a4f323-ccc2-4213-810e-7266e2a5c38e/listings/f95de052-bfa5-4927-85ee-c9c79f573adf/
WARNING 2025-07-16 00:25:23,423 log Not Found: /api/users/48a4f323-ccc2-4213-810e-7266e2a5c38e/listings/f95de052-bfa5-4927-85ee-c9c79f573adf/
WARNING 2025-07-16 00:25:23,424 basehttp "GET /api/users/48a4f323-ccc2-4213-810e-7266e2a5c38e/listings/f95de052-bfa5-4927-85ee-c9c79f573adf/ HTTP/1.1" 404 48
INFO 2025-07-16 00:26:08,384 basehttp "GET /api/users/48a4f323-ccc2-4213-810e-7266e2a5c38e/ HTTP/1.1" 200 314
INFO 2025-07-16 00:26:14,362 basehttp "GET /api/users/ HTTP/1.1" 200 366
WARNING 2025-07-16 00:26:23,281 log Not Found: /api/users/listings/
WARNING 2025-07-16 00:26:23,281 log Not Found: /api/users/listings/
WARNING 2025-07-16 00:26:23,281 basehttp "GET /api/users/listings/ HTTP/1.1" 404 23
INFO 2025-07-16 00:26:32,303 basehttp "GET /api/users/48a4f323-ccc2-4213-810e-7266e2a5c38e/listings/ HTTP/1.1" 200 2110
INFO 2025-07-16 00:27:01,998 basehttp "GET /api/users/48a4f323-ccc2-4213-810e-7266e2a5c38e/listings/dcee1c70-35fa-4ee4-9827-8847055ce7fe/ HTTP/1.1" 200 2048
WARNING 2025-07-16 00:28:17,203 log Not Found: /api/users/48a4f323-ccc2-4213-810e-7266e2a5c38e/listings/dcee1c70-35fa-4ee4-9827-8847055ce7fe/reviews/4bbd65e8-d47e-408d-98cf-7c0538ea3b11
WARNING 2025-07-16 00:28:17,203 log Not Found: /api/users/48a4f323-ccc2-4213-810e-7266e2a5c38e/listings/dcee1c70-35fa-4ee4-9827-8847055ce7fe/reviews/4bbd65e8-d47e-408d-98cf-7c0538ea3b11
WARNING 2025-07-16 00:28:17,204 basehttp "GET /api/users/48a4f323-ccc2-4213-810e-7266e2a5c38e/listings/dcee1c70-35fa-4ee4-9827-8847055ce7fe/reviews/4bbd65e8-d47e-408d-98cf-7c0538ea3b11 HTTP/1.1" 404 16050
WARNING 2025-07-16 00:28:25,998 log Not Found: /api/users/48a4f323-ccc2-4213-810e-7266e2a5c38e/listings/dcee1c70-35fa-4ee4-9827-8847055ce7fe/reviews/4bbd65e8-d47e-408d-98cf-7c0538ea3b11/
WARNING 2025-07-16 00:28:25,998 log Not Found: /api/users/48a4f323-ccc2-4213-810e-7266e2a5c38e/listings/dcee1c70-35fa-4ee4-9827-8847055ce7fe/reviews/4bbd65e8-d47e-408d-98cf-7c0538ea3b11/
WARNING 2025-07-16 00:28:25,998 basehttp "GET /api/users/48a4f323-ccc2-4213-810e-7266e2a5c38e/listings/dcee1c70-35fa-4ee4-9827-8847055ce7fe/reviews/4bbd65e8-d47e-408d-98cf-7c0538ea3b11/ HTTP/1.1" 404 16053
INFO 2025-07-16 00:29:37,642 basehttp "POST /api/token/ HTTP/1.1" 200 665
INFO 2025-07-16 00:30:27,979 basehttp "GET /api/users/ HTTP/1.1" 200 361
INFO 2025-07-16 00:30:45,435 basehttp "GET /api/users/ HTTP/1.1" 200 361
INFO 2025-07-16 00:30:52,668 basehttp "GET /api/users/da6a9e5a-f65e-4b49-85bb-e729392f4187/ HTTP/1.1" 200 309
INFO 2025-07-16 00:31:01,473 basehttp "GET /api/users/da6a9e5a-f65e-4b49-85bb-e729392f4187/listings/ HTTP/1.1" 200 47852
ERROR 2025-07-16 00:31:49,106 log Internal Server Error: /api/users/da6a9e5a-f65e-4b49-85bb-e729392f4187/bookings/
Traceback (most recent call last):
  File "/media/allano/53CE082D539E52ED/_pD_BE/booking_app_BE/venv/lib/python3.10/site-packages/django/core/handlers/exception.py", line 55, in inner
    response = get_response(request)
  File "/media/allano/53CE082D539E52ED/_pD_BE/booking_app_BE/venv/lib/python3.10/site-packages/django/core/handlers/base.py", line 197, in _get_response
    response = wrapped_callback(request, *callback_args, **callback_kwargs)
  File "/media/allano/53CE082D539E52ED/_pD_BE/booking_app_BE/venv/lib/python3.10/site-packages/django/views/decorators/csrf.py", line 65, in _view_wrapper
    return view_func(request, *args, **kwargs)
  File "/media/allano/53CE082D539E52ED/_pD_BE/booking_app_BE/venv/lib/python3.10/site-packages/rest_framework/viewsets.py", line 125, in view
    return self.dispatch(request, *args, **kwargs)
  File "/media/allano/53CE082D539E52ED/_pD_BE/booking_app_BE/venv/lib/python3.10/site-packages/rest_framework/views.py", line 515, in dispatch
    response = self.handle_exception(exc)
  File "/media/allano/53CE082D539E52ED/_pD_BE/booking_app_BE/venv/lib/python3.10/site-packages/rest_framework/views.py", line 475, in handle_exception
    self.raise_uncaught_exception(exc)
  File "/media/allano/53CE082D539E52ED/_pD_BE/booking_app_BE/venv/lib/python3.10/site-packages/rest_framework/views.py", line 486, in raise_uncaught_exception
    raise exc
  File "/media/allano/53CE082D539E52ED/_pD_BE/booking_app_BE/venv/lib/python3.10/site-packages/rest_framework/views.py", line 512, in dispatch
    response = handler(request, *args, **kwargs)
  File "/media/allano/53CE082D539E52ED/_pD_BE/booking_app_BE/venv/lib/python3.10/site-packages/rest_framework/mixins.py", line 43, in list
    return self.get_paginated_response(serializer.data)
  File "/media/allano/53CE082D539E52ED/_pD_BE/booking_app_BE/venv/lib/python3.10/site-packages/rest_framework/serializers.py", line 797, in data
    ret = super().data
  File "/media/allano/53CE082D539E52ED/_pD_BE/booking_app_BE/venv/lib/python3.10/site-packages/rest_framework/serializers.py", line 251, in data
    self._data = self.to_representation(self.instance)
  File "/media/allano/53CE082D539E52ED/_pD_BE/booking_app_BE/venv/lib/python3.10/site-packages/rest_framework/serializers.py", line 715, in to_representation
    return [
  File "/media/allano/53CE082D539E52ED/_pD_BE/booking_app_BE/venv/lib/python3.10/site-packages/rest_framework/serializers.py", line 716, in <listcomp>
    self.child.to_representation(item) for item in iterable
  File "/media/allano/53CE082D539E52ED/_pD_BE/booking_app_BE/venv/lib/python3.10/site-packages/rest_framework/serializers.py", line 525, in to_representation
    for field in fields:
  File "/media/allano/53CE082D539E52ED/_pD_BE/booking_app_BE/venv/lib/python3.10/site-packages/rest_framework/serializers.py", line 386, in _readable_fields
    for field in self.fields.values():
  File "/media/allano/53CE082D539E52ED/_pD_BE/booking_app_BE/venv/lib/python3.10/site-packages/django/utils/functional.py", line 47, in __get__
    res = instance.__dict__[self.name] = self.func(instance)
  File "/media/allano/53CE082D539E52ED/_pD_BE/booking_app_BE/venv/lib/python3.10/site-packages/rest_framework/serializers.py", line 374, in fields
    for key, value in self.get_fields().items():
  File "/media/allano/53CE082D539E52ED/_pD_BE/booking_app_BE/venv/lib/python3.10/site-packages/rest_framework/serializers.py", line 1105, in get_fields
    field_class, field_kwargs = self.build_field(
  File "/media/allano/53CE082D539E52ED/_pD_BE/booking_app_BE/venv/lib/python3.10/site-packages/rest_framework/serializers.py", line 1251, in build_field
    return self.build_unknown_field(field_name, model_class)
  File "/media/allano/53CE082D539E52ED/_pD_BE/booking_app_BE/venv/lib/python3.10/site-packages/rest_framework/serializers.py", line 1369, in build_unknown_field
    raise ImproperlyConfigured(
django.core.exceptions.ImproperlyConfigured: Field name `check_in_instructions` is not valid for model `Booking` in `bookings.serializers.booking_serializer.BookingOutputSerializer`.
ERROR 2025-07-16 00:31:49,106 log Internal Server Error: /api/users/da6a9e5a-f65e-4b49-85bb-e729392f4187/bookings/
Traceback (most recent call last):
  File "/media/allano/53CE082D539E52ED/_pD_BE/booking_app_BE/venv/lib/python3.10/site-packages/django/core/handlers/exception.py", line 55, in inner
    response = get_response(request)
  File "/media/allano/53CE082D539E52ED/_pD_BE/booking_app_BE/venv/lib/python3.10/site-packages/django/core/handlers/base.py", line 197, in _get_response
    response = wrapped_callback(request, *callback_args, **callback_kwargs)
  File "/media/allano/53CE082D539E52ED/_pD_BE/booking_app_BE/venv/lib/python3.10/site-packages/django/views/decorators/csrf.py", line 65, in _view_wrapper
    return view_func(request, *args, **kwargs)
  File "/media/allano/53CE082D539E52ED/_pD_BE/booking_app_BE/venv/lib/python3.10/site-packages/rest_framework/viewsets.py", line 125, in view
    return self.dispatch(request, *args, **kwargs)
  File "/media/allano/53CE082D539E52ED/_pD_BE/booking_app_BE/venv/lib/python3.10/site-packages/rest_framework/views.py", line 515, in dispatch
    response = self.handle_exception(exc)
  File "/media/allano/53CE082D539E52ED/_pD_BE/booking_app_BE/venv/lib/python3.10/site-packages/rest_framework/views.py", line 475, in handle_exception
    self.raise_uncaught_exception(exc)
  File "/media/allano/53CE082D539E52ED/_pD_BE/booking_app_BE/venv/lib/python3.10/site-packages/rest_framework/views.py", line 486, in raise_uncaught_exception
    raise exc
  File "/media/allano/53CE082D539E52ED/_pD_BE/booking_app_BE/venv/lib/python3.10/site-packages/rest_framework/views.py", line 512, in dispatch
    response = handler(request, *args, **kwargs)
  File "/media/allano/53CE082D539E52ED/_pD_BE/booking_app_BE/venv/lib/python3.10/site-packages/rest_framework/mixins.py", line 43, in list
    return self.get_paginated_response(serializer.data)
  File "/media/allano/53CE082D539E52ED/_pD_BE/booking_app_BE/venv/lib/python3.10/site-packages/rest_framework/serializers.py", line 797, in data
    ret = super().data
  File "/media/allano/53CE082D539E52ED/_pD_BE/booking_app_BE/venv/lib/python3.10/site-packages/rest_framework/serializers.py", line 251, in data
    self._data = self.to_representation(self.instance)
  File "/media/allano/53CE082D539E52ED/_pD_BE/booking_app_BE/venv/lib/python3.10/site-packages/rest_framework/serializers.py", line 715, in to_representation
    return [
  File "/media/allano/53CE082D539E52ED/_pD_BE/booking_app_BE/venv/lib/python3.10/site-packages/rest_framework/serializers.py", line 716, in <listcomp>
    self.child.to_representation(item) for item in iterable
  File "/media/allano/53CE082D539E52ED/_pD_BE/booking_app_BE/venv/lib/python3.10/site-packages/rest_framework/serializers.py", line 525, in to_representation
    for field in fields:
  File "/media/allano/53CE082D539E52ED/_pD_BE/booking_app_BE/venv/lib/python3.10/site-packages/rest_framework/serializers.py", line 386, in _readable_fields
    for field in self.fields.values():
  File "/media/allano/53CE082D539E52ED/_pD_BE/booking_app_BE/venv/lib/python3.10/site-packages/django/utils/functional.py", line 47, in __get__
    res = instance.__dict__[self.name] = self.func(instance)
  File "/media/allano/53CE082D539E52ED/_pD_BE/booking_app_BE/venv/lib/python3.10/site-packages/rest_framework/serializers.py", line 374, in fields
    for key, value in self.get_fields().items():
  File "/media/allano/53CE082D539E52ED/_pD_BE/booking_app_BE/venv/lib/python3.10/site-packages/rest_framework/serializers.py", line 1105, in get_fields
    field_class, field_kwargs = self.build_field(
  File "/media/allano/53CE082D539E52ED/_pD_BE/booking_app_BE/venv/lib/python3.10/site-packages/rest_framework/serializers.py", line 1251, in build_field
    return self.build_unknown_field(field_name, model_class)
  File "/media/allano/53CE082D539E52ED/_pD_BE/booking_app_BE/venv/lib/python3.10/site-packages/rest_framework/serializers.py", line 1369, in build_unknown_field
    raise ImproperlyConfigured(
django.core.exceptions.ImproperlyConfigured: Field name `check_in_instructions` is not valid for model `Booking` in `bookings.serializers.booking_serializer.BookingOutputSerializer`.
ERROR 2025-07-16 00:31:49,128 basehttp "GET /api/users/da6a9e5a-f65e-4b49-85bb-e729392f4187/bookings/ HTTP/1.1" 500 178682
INFO 2025-07-16 00:35:33,833 autoreload /media/allano/53CE082D539E52ED/_pD_BE/booking_app_BE/booking_app/bookings/serializers/booking_serializer.py changed, reloading.
INFO 2025-07-16 00:35:38,217 autoreload Watching for file changes with StatReloader
INFO 2025-07-16 00:35:44,269 basehttp "GET /api/users/da6a9e5a-f65e-4b49-85bb-e729392f4187/bookings/ HTTP/1.1" 200 9341
INFO 2025-07-16 00:36:07,211 basehttp "GET /api/users/da6a9e5a-f65e-4b49-85bb-e729392f4187/bookings/3ec501ce-be2d-470d-b76b-fd1739378a30/ HTTP/1.1" 200 3142
INFO 2025-07-16 00:36:50,967 basehttp "GET /api/users/da6a9e5a-f65e-4b49-85bb-e729392f4187/ HTTP/1.1" 200 309
INFO 2025-07-16 00:36:59,158 basehttp "GET /api/users/da6a9e5a-f65e-4b49-85bb-e729392f4187/bookings/3ec501ce-be2d-470d-b76b-fd1739378a30/ HTTP/1.1" 200 3142
WARNING 2025-07-16 00:38:11,838 log Bad Request: /api/users/da6a9e5a-f65e-4b49-85bb-e729392f4187/bookings/3ec501ce-be2d-470d-b76b-fd1739378a30/
WARNING 2025-07-16 00:38:11,838 log Bad Request: /api/users/da6a9e5a-f65e-4b49-85bb-e729392f4187/bookings/3ec501ce-be2d-470d-b76b-fd1739378a30/
WARNING 2025-07-16 00:38:11,839 basehttp "DELETE /api/users/da6a9e5a-f65e-4b49-85bb-e729392f4187/bookings/3ec501ce-be2d-470d-b76b-fd1739378a30/ HTTP/1.1" 400 100
WARNING 2025-07-16 00:38:31,511 log Method Not Allowed: /api/users/da6a9e5a-f65e-4b49-85bb-e729392f4187/bookings/
WARNING 2025-07-16 00:38:31,511 log Method Not Allowed: /api/users/da6a9e5a-f65e-4b49-85bb-e729392f4187/bookings/
WARNING 2025-07-16 00:38:31,512 basehttp "DELETE /api/users/da6a9e5a-f65e-4b49-85bb-e729392f4187/bookings/ HTTP/1.1" 405 43
INFO 2025-07-16 00:38:37,194 basehttp "GET /api/users/da6a9e5a-f65e-4b49-85bb-e729392f4187/bookings/ HTTP/1.1" 200 9341
INFO 2025-07-16 00:39:14,236 basehttp "GET /api/users/da6a9e5a-f65e-4b49-85bb-e729392f4187/bookings/?is_beachfront=True HTTP/1.1" 200 9341
INFO 2025-07-16 00:40:08,306 basehttp "GET /api/users/da6a9e5a-f65e-4b49-85bb-e729392f4187/bookings/?created_at_gte=2025-07-16T00:15:53.169896Z HTTP/1.1" 200 9341
INFO 2025-07-16 00:41:52,799 basehttp "GET /api/users/da6a9e5a-f65e-4b49-85bb-e729392f4187/bookings/?end_date_lte=2025-07-20T00:00:00Z HTTP/1.1" 200 9341
INFO 2025-07-16 00:42:13,842 basehttp "GET /api/users/da6a9e5a-f65e-4b49-85bb-e729392f4187/bookings/?payment_status=PAID HTTP/1.1" 200 9341
INFO 2025-07-16 00:42:57,660 basehttp "GET /api/users/da6a9e5a-f65e-4b49-85bb-e729392f4187/bookings/?total_amount_gte=100 HTTP/1.1" 200 9341
INFO 2025-07-16 00:43:09,747 basehttp "GET /api/users/da6a9e5a-f65e-4b49-85bb-e729392f4187/bookings/?total_amount_gte=5000 HTTP/1.1" 200 62
INFO 2025-07-16 00:43:32,311 basehttp "GET /api/users/da6a9e5a-f65e-4b49-85bb-e729392f4187/bookings/?is_instant_book=false HTTP/1.1" 200 9341
INFO 2025-07-16 00:43:38,557 basehttp "GET /api/users/da6a9e5a-f65e-4b49-85bb-e729392f4187/bookings/?is_instant_book=True HTTP/1.1" 200 62
INFO 2025-07-16 00:43:55,196 basehttp "GET /api/users/da6a9e5a-f65e-4b49-85bb-e729392f4187/bookings/ HTTP/1.1" 200 9341
WARNING 2025-07-16 00:44:45,768 log Not Found: /api/property_listings/
WARNING 2025-07-16 00:44:45,768 log Not Found: /api/property_listings/
WARNING 2025-07-16 00:44:45,769 basehttp "GET /api/property_listings/ HTTP/1.1" 404 15705
INFO 2025-07-16 00:45:22,730 autoreload /media/allano/53CE082D539E52ED/_pD_BE/booking_app_BE/booking_app/listings/urls.py changed, reloading.
INFO 2025-07-16 00:45:26,066 autoreload Watching for file changes with StatReloader
INFO 2025-07-16 00:45:55,759 basehttp "GET /api/property_listings/ HTTP/1.1" 200 47818
INFO 2025-07-16 00:46:41,278 basehttp "GET /api/property_listings/a93b7743-3669-4b4a-9bbc-6f4bc6790157/ HTTP/1.1" 200 2553
WARNING 2025-07-16 00:46:50,646 log Not Found: /api/property_listings/a93b7743-3669-4b4a-9bbc-6f4bc6790157/bookings/
WARNING 2025-07-16 00:46:50,646 log Not Found: /api/property_listings/a93b7743-3669-4b4a-9bbc-6f4bc6790157/bookings/
WARNING 2025-07-16 00:46:50,647 basehttp "GET /api/property_listings/a93b7743-3669-4b4a-9bbc-6f4bc6790157/bookings/ HTTP/1.1" 404 15879
WARNING 2025-07-16 00:46:57,958 log Not Found: /api/property_listings/a93b7743-3669-4b4a-9bbc-6f4bc6790157/bookings/
WARNING 2025-07-16 00:46:57,958 log Not Found: /api/property_listings/a93b7743-3669-4b4a-9bbc-6f4bc6790157/bookings/
WARNING 2025-07-16 00:46:57,959 basehttp "GET /api/property_listings/a93b7743-3669-4b4a-9bbc-6f4bc6790157/bookings/ HTTP/1.1" 404 15879
INFO 2025-07-16 00:47:01,826 basehttp "GET /api/property_listings/a93b7743-3669-4b4a-9bbc-6f4bc6790157/ HTTP/1.1" 200 2553
WARNING 2025-07-16 00:47:12,999 log Forbidden: /api/property_listings/a93b7743-3669-4b4a-9bbc-6f4bc6790157/
WARNING 2025-07-16 00:47:12,999 log Forbidden: /api/property_listings/a93b7743-3669-4b4a-9bbc-6f4bc6790157/
WARNING 2025-07-16 00:47:13,000 basehttp "DELETE /api/property_listings/a93b7743-3669-4b4a-9bbc-6f4bc6790157/ HTTP/1.1" 403 63
WARNING 2025-07-16 00:47:29,194 log Method Not Allowed: /api/property_listings/a93b7743-3669-4b4a-9bbc-6f4bc6790157/
WARNING 2025-07-16 00:47:29,194 log Method Not Allowed: /api/property_listings/a93b7743-3669-4b4a-9bbc-6f4bc6790157/
WARNING 2025-07-16 00:47:29,195 basehttp "POST /api/property_listings/a93b7743-3669-4b4a-9bbc-6f4bc6790157/ HTTP/1.1" 405 41
INFO 2025-07-16 00:47:33,529 basehttp "GET /api/property_listings/a93b7743-3669-4b4a-9bbc-6f4bc6790157/ HTTP/1.1" 200 2553
INFO 2025-07-16 00:48:01,038 basehttp "GET /api/property_listings/?adults_only=True HTTP/1.1" 200 48507
INFO 2025-07-16 00:48:28,416 basehttp "GET /api/property_listings/?name=Cozy%20Villa%20in%20Barcelona HTTP/1.1" 200 2354
WARNING 2025-07-16 00:49:09,137 log Unsupported Media Type: /api/property_listings/
WARNING 2025-07-16 00:49:09,137 log Unsupported Media Type: /api/property_listings/
WARNING 2025-07-16 00:49:09,138 basehttp "POST /api/property_listings/ HTTP/1.1" 415 62
WARNING 2025-07-16 00:55:33,161 log Unsupported Media Type: /api/property_listings/
WARNING 2025-07-16 00:55:33,161 log Unsupported Media Type: /api/property_listings/
WARNING 2025-07-16 00:55:33,161 basehttp "POST /api/property_listings/ HTTP/1.1" 415 62
WARNING 2025-07-16 00:55:44,940 log Unsupported Media Type: /api/property_listings/
WARNING 2025-07-16 00:55:44,940 log Unsupported Media Type: /api/property_listings/
WARNING 2025-07-16 00:55:44,941 basehttp "POST /api/property_listings/ HTTP/1.1" 415 62
WARNING 2025-07-16 00:56:48,686 log Forbidden: /api/property_listings/
WARNING 2025-07-16 00:56:48,686 log Forbidden: /api/property_listings/
WARNING 2025-07-16 00:56:48,687 basehttp "POST /api/property_listings/ HTTP/1.1" 403 63
INFO 2025-07-16 00:57:34,507 basehttp "POST /api/token/ HTTP/1.1" 200 657
WARNING 2025-07-16 00:57:49,409 log Forbidden: /api/property_listings/
WARNING 2025-07-16 00:57:49,409 log Forbidden: /api/property_listings/
WARNING 2025-07-16 00:57:49,410 basehttp "POST /api/property_listings/ HTTP/1.1" 403 63
INFO 2025-07-16 00:58:22,321 basehttp "POST /api/token/ HTTP/1.1" 200 654
WARNING 2025-07-16 00:58:39,962 log Bad Request: /api/property_listings/
WARNING 2025-07-16 00:58:39,962 log Bad Request: /api/property_listings/
WARNING 2025-07-16 00:58:39,965 basehttp "POST /api/property_listings/ HTTP/1.1" 400 52
WARNING 2025-07-16 00:59:29,992 log Bad Request: /api/property_listings/
WARNING 2025-07-16 00:59:29,992 log Bad Request: /api/property_listings/
WARNING 2025-07-16 00:59:29,993 basehttp "POST /api/property_listings/ HTTP/1.1" 400 52
WARNING 2025-07-16 01:00:19,805 log Bad Request: /api/property_listings/
WARNING 2025-07-16 01:00:19,805 log Bad Request: /api/property_listings/
WARNING 2025-07-16 01:00:19,806 basehttp "POST /api/property_listings/ HTTP/1.1" 400 52
WARNING 2025-07-16 01:01:14,892 log Bad Request: /api/property_listings/
WARNING 2025-07-16 01:01:14,892 log Bad Request: /api/property_listings/
WARNING 2025-07-16 01:01:14,893 basehttp "POST /api/property_listings/ HTTP/1.1" 400 52
WARNING 2025-07-16 01:03:16,858 log Bad Request: /api/property_listings/
WARNING 2025-07-16 01:03:16,858 log Bad Request: /api/property_listings/
WARNING 2025-07-16 01:03:16,859 basehttp "POST /api/property_listings/ HTTP/1.1" 400 40
WARNING 2025-07-16 01:05:01,118 log Bad Request: /api/property_listings/
WARNING 2025-07-16 01:05:01,118 log Bad Request: /api/property_listings/
WARNING 2025-07-16 01:05:01,119 basehttp "POST /api/property_listings/ HTTP/1.1" 400 52
WARNING 2025-07-16 01:05:26,659 log Bad Request: /api/property_listings/
WARNING 2025-07-16 01:05:26,659 log Bad Request: /api/property_listings/
WARNING 2025-07-16 01:05:26,660 basehttp "POST /api/property_listings/ HTTP/1.1" 400 40
WARNING 2025-07-16 01:06:02,149 log Bad Request: /api/property_listings/
WARNING 2025-07-16 01:06:02,149 log Bad Request: /api/property_listings/
WARNING 2025-07-16 01:06:02,150 basehttp "POST /api/property_listings/ HTTP/1.1" 400 52
INFO 2025-07-16 01:08:31,276 autoreload /media/allano/53CE082D539E52ED/_pD_BE/booking_app_BE/booking_app/listings/serializers/listing_serializer.py changed, reloading.
INFO 2025-07-16 01:08:35,393 autoreload Watching for file changes with StatReloader
INFO 2025-07-16 01:10:29,970 autoreload /media/allano/53CE082D539E52ED/_pD_BE/booking_app_BE/booking_app/listings/serializers/listing_serializer.py changed, reloading.
INFO 2025-07-16 01:10:33,196 autoreload Watching for file changes with StatReloader
ERROR 2025-07-16 01:10:45,091 log Internal Server Error: /api/property_listings/
Traceback (most recent call last):
  File "/media/allano/53CE082D539E52ED/_pD_BE/booking_app_BE/venv/lib/python3.10/site-packages/django/core/handlers/exception.py", line 55, in inner
    response = get_response(request)
  File "/media/allano/53CE082D539E52ED/_pD_BE/booking_app_BE/venv/lib/python3.10/site-packages/django/core/handlers/base.py", line 197, in _get_response
    response = wrapped_callback(request, *callback_args, **callback_kwargs)
  File "/media/allano/53CE082D539E52ED/_pD_BE/booking_app_BE/venv/lib/python3.10/site-packages/django/views/decorators/csrf.py", line 65, in _view_wrapper
    return view_func(request, *args, **kwargs)
  File "/media/allano/53CE082D539E52ED/_pD_BE/booking_app_BE/venv/lib/python3.10/site-packages/rest_framework/viewsets.py", line 125, in view
    return self.dispatch(request, *args, **kwargs)
  File "/media/allano/53CE082D539E52ED/_pD_BE/booking_app_BE/venv/lib/python3.10/site-packages/rest_framework/views.py", line 515, in dispatch
    response = self.handle_exception(exc)
  File "/media/allano/53CE082D539E52ED/_pD_BE/booking_app_BE/venv/lib/python3.10/site-packages/rest_framework/views.py", line 475, in handle_exception
    self.raise_uncaught_exception(exc)
  File "/media/allano/53CE082D539E52ED/_pD_BE/booking_app_BE/venv/lib/python3.10/site-packages/rest_framework/views.py", line 486, in raise_uncaught_exception
    raise exc
  File "/media/allano/53CE082D539E52ED/_pD_BE/booking_app_BE/venv/lib/python3.10/site-packages/rest_framework/views.py", line 512, in dispatch
    response = handler(request, *args, **kwargs)
  File "/media/allano/53CE082D539E52ED/_pD_BE/booking_app_BE/booking_app/listings/views/listing_views.py", line 37, in create
    serializer.is_valid(raise_exception=True)
  File "/media/allano/53CE082D539E52ED/_pD_BE/booking_app_BE/venv/lib/python3.10/site-packages/rest_framework/serializers.py", line 225, in is_valid
    self._validated_data = self.run_validation(self.initial_data)
  File "/media/allano/53CE082D539E52ED/_pD_BE/booking_app_BE/venv/lib/python3.10/site-packages/rest_framework/serializers.py", line 444, in run_validation
    value = self.to_internal_value(data)
  File "/media/allano/53CE082D539E52ED/_pD_BE/booking_app_BE/venv/lib/python3.10/site-packages/rest_framework/serializers.py", line 497, in to_internal_value
    for field in fields:
  File "/media/allano/53CE082D539E52ED/_pD_BE/booking_app_BE/venv/lib/python3.10/site-packages/rest_framework/serializers.py", line 380, in _writable_fields
    for field in self.fields.values():
  File "/media/allano/53CE082D539E52ED/_pD_BE/booking_app_BE/venv/lib/python3.10/site-packages/django/utils/functional.py", line 47, in __get__
    res = instance.__dict__[self.name] = self.func(instance)
  File "/media/allano/53CE082D539E52ED/_pD_BE/booking_app_BE/venv/lib/python3.10/site-packages/rest_framework/serializers.py", line 374, in fields
    for key, value in self.get_fields().items():
  File "/media/allano/53CE082D539E52ED/_pD_BE/booking_app_BE/venv/lib/python3.10/site-packages/rest_framework/serializers.py", line 1081, in get_fields
    field_names = self.get_field_names(declared_fields, info)
  File "/media/allano/53CE082D539E52ED/_pD_BE/booking_app_BE/venv/lib/python3.10/site-packages/rest_framework/serializers.py", line 1177, in get_field_names
    assert field_name in fields, (
AssertionError: The field 'latitude' was declared on serializer ListingSerializer, but has not been included in the 'fields' option.
ERROR 2025-07-16 01:10:45,091 log Internal Server Error: /api/property_listings/
Traceback (most recent call last):
  File "/media/allano/53CE082D539E52ED/_pD_BE/booking_app_BE/venv/lib/python3.10/site-packages/django/core/handlers/exception.py", line 55, in inner
    response = get_response(request)
  File "/media/allano/53CE082D539E52ED/_pD_BE/booking_app_BE/venv/lib/python3.10/site-packages/django/core/handlers/base.py", line 197, in _get_response
    response = wrapped_callback(request, *callback_args, **callback_kwargs)
  File "/media/allano/53CE082D539E52ED/_pD_BE/booking_app_BE/venv/lib/python3.10/site-packages/django/views/decorators/csrf.py", line 65, in _view_wrapper
    return view_func(request, *args, **kwargs)
  File "/media/allano/53CE082D539E52ED/_pD_BE/booking_app_BE/venv/lib/python3.10/site-packages/rest_framework/viewsets.py", line 125, in view
    return self.dispatch(request, *args, **kwargs)
  File "/media/allano/53CE082D539E52ED/_pD_BE/booking_app_BE/venv/lib/python3.10/site-packages/rest_framework/views.py", line 515, in dispatch
    response = self.handle_exception(exc)
  File "/media/allano/53CE082D539E52ED/_pD_BE/booking_app_BE/venv/lib/python3.10/site-packages/rest_framework/views.py", line 475, in handle_exception
    self.raise_uncaught_exception(exc)
  File "/media/allano/53CE082D539E52ED/_pD_BE/booking_app_BE/venv/lib/python3.10/site-packages/rest_framework/views.py", line 486, in raise_uncaught_exception
    raise exc
  File "/media/allano/53CE082D539E52ED/_pD_BE/booking_app_BE/venv/lib/python3.10/site-packages/rest_framework/views.py", line 512, in dispatch
    response = handler(request, *args, **kwargs)
  File "/media/allano/53CE082D539E52ED/_pD_BE/booking_app_BE/booking_app/listings/views/listing_views.py", line 37, in create
    serializer.is_valid(raise_exception=True)
  File "/media/allano/53CE082D539E52ED/_pD_BE/booking_app_BE/venv/lib/python3.10/site-packages/rest_framework/serializers.py", line 225, in is_valid
    self._validated_data = self.run_validation(self.initial_data)
  File "/media/allano/53CE082D539E52ED/_pD_BE/booking_app_BE/venv/lib/python3.10/site-packages/rest_framework/serializers.py", line 444, in run_validation
    value = self.to_internal_value(data)
  File "/media/allano/53CE082D539E52ED/_pD_BE/booking_app_BE/venv/lib/python3.10/site-packages/rest_framework/serializers.py", line 497, in to_internal_value
    for field in fields:
  File "/media/allano/53CE082D539E52ED/_pD_BE/booking_app_BE/venv/lib/python3.10/site-packages/rest_framework/serializers.py", line 380, in _writable_fields
    for field in self.fields.values():
  File "/media/allano/53CE082D539E52ED/_pD_BE/booking_app_BE/venv/lib/python3.10/site-packages/django/utils/functional.py", line 47, in __get__
    res = instance.__dict__[self.name] = self.func(instance)
  File "/media/allano/53CE082D539E52ED/_pD_BE/booking_app_BE/venv/lib/python3.10/site-packages/rest_framework/serializers.py", line 374, in fields
    for key, value in self.get_fields().items():
  File "/media/allano/53CE082D539E52ED/_pD_BE/booking_app_BE/venv/lib/python3.10/site-packages/rest_framework/serializers.py", line 1081, in get_fields
    field_names = self.get_field_names(declared_fields, info)
  File "/media/allano/53CE082D539E52ED/_pD_BE/booking_app_BE/venv/lib/python3.10/site-packages/rest_framework/serializers.py", line 1177, in get_field_names
    assert field_name in fields, (
AssertionError: The field 'latitude' was declared on serializer ListingSerializer, but has not been included in the 'fields' option.
ERROR 2025-07-16 01:10:45,099 basehttp "POST /api/property_listings/ HTTP/1.1" 500 159998
INFO 2025-07-16 01:11:30,573 autoreload /media/allano/53CE082D539E52ED/_pD_BE/booking_app_BE/booking_app/listings/serializers/listing_serializer.py changed, reloading.
INFO 2025-07-16 01:11:33,776 autoreload Watching for file changes with StatReloader
ERROR 2025-07-16 01:11:35,990 log Internal Server Error: /api/property_listings/
Traceback (most recent call last):
  File "/media/allano/53CE082D539E52ED/_pD_BE/booking_app_BE/venv/lib/python3.10/site-packages/django/core/handlers/exception.py", line 55, in inner
    response = get_response(request)
  File "/media/allano/53CE082D539E52ED/_pD_BE/booking_app_BE/venv/lib/python3.10/site-packages/django/core/handlers/base.py", line 197, in _get_response
    response = wrapped_callback(request, *callback_args, **callback_kwargs)
  File "/media/allano/53CE082D539E52ED/_pD_BE/booking_app_BE/venv/lib/python3.10/site-packages/django/views/decorators/csrf.py", line 65, in _view_wrapper
    return view_func(request, *args, **kwargs)
  File "/media/allano/53CE082D539E52ED/_pD_BE/booking_app_BE/venv/lib/python3.10/site-packages/rest_framework/viewsets.py", line 125, in view
    return self.dispatch(request, *args, **kwargs)
  File "/media/allano/53CE082D539E52ED/_pD_BE/booking_app_BE/venv/lib/python3.10/site-packages/rest_framework/views.py", line 515, in dispatch
    response = self.handle_exception(exc)
  File "/media/allano/53CE082D539E52ED/_pD_BE/booking_app_BE/venv/lib/python3.10/site-packages/rest_framework/views.py", line 475, in handle_exception
    self.raise_uncaught_exception(exc)
  File "/media/allano/53CE082D539E52ED/_pD_BE/booking_app_BE/venv/lib/python3.10/site-packages/rest_framework/views.py", line 486, in raise_uncaught_exception
    raise exc
  File "/media/allano/53CE082D539E52ED/_pD_BE/booking_app_BE/venv/lib/python3.10/site-packages/rest_framework/views.py", line 512, in dispatch
    response = handler(request, *args, **kwargs)
  File "/media/allano/53CE082D539E52ED/_pD_BE/booking_app_BE/booking_app/listings/views/listing_views.py", line 37, in create
    serializer.is_valid(raise_exception=True)
  File "/media/allano/53CE082D539E52ED/_pD_BE/booking_app_BE/venv/lib/python3.10/site-packages/rest_framework/serializers.py", line 225, in is_valid
    self._validated_data = self.run_validation(self.initial_data)
  File "/media/allano/53CE082D539E52ED/_pD_BE/booking_app_BE/venv/lib/python3.10/site-packages/rest_framework/serializers.py", line 447, in run_validation
    value = self.validate(value)
  File "/media/allano/53CE082D539E52ED/_pD_BE/booking_app_BE/booking_app/listings/serializers/listing_serializer.py", line 150, in validate
    data['location'] = Point(longitude, latitude)
NameError: name 'Point' is not defined
ERROR 2025-07-16 01:11:35,990 log Internal Server Error: /api/property_listings/
Traceback (most recent call last):
  File "/media/allano/53CE082D539E52ED/_pD_BE/booking_app_BE/venv/lib/python3.10/site-packages/django/core/handlers/exception.py", line 55, in inner
    response = get_response(request)
  File "/media/allano/53CE082D539E52ED/_pD_BE/booking_app_BE/venv/lib/python3.10/site-packages/django/core/handlers/base.py", line 197, in _get_response
    response = wrapped_callback(request, *callback_args, **callback_kwargs)
  File "/media/allano/53CE082D539E52ED/_pD_BE/booking_app_BE/venv/lib/python3.10/site-packages/django/views/decorators/csrf.py", line 65, in _view_wrapper
    return view_func(request, *args, **kwargs)
  File "/media/allano/53CE082D539E52ED/_pD_BE/booking_app_BE/venv/lib/python3.10/site-packages/rest_framework/viewsets.py", line 125, in view
    return self.dispatch(request, *args, **kwargs)
  File "/media/allano/53CE082D539E52ED/_pD_BE/booking_app_BE/venv/lib/python3.10/site-packages/rest_framework/views.py", line 515, in dispatch
    response = self.handle_exception(exc)
  File "/media/allano/53CE082D539E52ED/_pD_BE/booking_app_BE/venv/lib/python3.10/site-packages/rest_framework/views.py", line 475, in handle_exception
    self.raise_uncaught_exception(exc)
  File "/media/allano/53CE082D539E52ED/_pD_BE/booking_app_BE/venv/lib/python3.10/site-packages/rest_framework/views.py", line 486, in raise_uncaught_exception
    raise exc
  File "/media/allano/53CE082D539E52ED/_pD_BE/booking_app_BE/venv/lib/python3.10/site-packages/rest_framework/views.py", line 512, in dispatch
    response = handler(request, *args, **kwargs)
  File "/media/allano/53CE082D539E52ED/_pD_BE/booking_app_BE/booking_app/listings/views/listing_views.py", line 37, in create
    serializer.is_valid(raise_exception=True)
  File "/media/allano/53CE082D539E52ED/_pD_BE/booking_app_BE/venv/lib/python3.10/site-packages/rest_framework/serializers.py", line 225, in is_valid
    self._validated_data = self.run_validation(self.initial_data)
  File "/media/allano/53CE082D539E52ED/_pD_BE/booking_app_BE/venv/lib/python3.10/site-packages/rest_framework/serializers.py", line 447, in run_validation
    value = self.validate(value)
  File "/media/allano/53CE082D539E52ED/_pD_BE/booking_app_BE/booking_app/listings/serializers/listing_serializer.py", line 150, in validate
    data['location'] = Point(longitude, latitude)
NameError: name 'Point' is not defined
ERROR 2025-07-16 01:11:35,995 basehttp "POST /api/property_listings/ HTTP/1.1" 500 144862
INFO 2025-07-16 01:12:13,106 autoreload /media/allano/53CE082D539E52ED/_pD_BE/booking_app_BE/booking_app/listings/serializers/listing_serializer.py changed, reloading.
INFO 2025-07-16 01:12:17,845 autoreload Watching for file changes with StatReloader
WARNING 2025-07-16 01:12:22,820 log Bad Request: /api/property_listings/
WARNING 2025-07-16 01:12:22,820 log Bad Request: /api/property_listings/
WARNING 2025-07-16 01:12:22,821 basehttp "POST /api/property_listings/ HTTP/1.1" 400 52
WARNING 2025-07-16 01:12:26,244 log Bad Request: /api/property_listings/
WARNING 2025-07-16 01:12:26,244 log Bad Request: /api/property_listings/
WARNING 2025-07-16 01:12:26,245 basehttp "POST /api/property_listings/ HTTP/1.1" 400 52
WARNING 2025-07-16 01:13:33,324 log Bad Request: /api/property_listings/
WARNING 2025-07-16 01:13:33,324 log Bad Request: /api/property_listings/
WARNING 2025-07-16 01:13:33,326 basehttp "POST /api/property_listings/ HTTP/1.1" 400 40
WARNING 2025-07-16 01:15:12,022 log Bad Request: /api/property_listings/
WARNING 2025-07-16 01:15:12,022 log Bad Request: /api/property_listings/
WARNING 2025-07-16 01:15:12,024 basehttp "POST /api/property_listings/ HTTP/1.1" 400 155
WARNING 2025-07-16 01:15:56,541 log Bad Request: /api/property_listings/
WARNING 2025-07-16 01:15:56,541 log Bad Request: /api/property_listings/
WARNING 2025-07-16 01:15:56,543 basehttp "POST /api/property_listings/ HTTP/1.1" 400 155
WARNING 2025-07-16 01:16:45,248 log Bad Request: /api/property_listings/
WARNING 2025-07-16 01:16:45,248 log Bad Request: /api/property_listings/
WARNING 2025-07-16 01:16:45,249 basehttp "POST /api/property_listings/ HTTP/1.1" 400 40
WARNING 2025-07-16 01:17:03,851 log Bad Request: /api/property_listings/
WARNING 2025-07-16 01:17:03,851 log Bad Request: /api/property_listings/
WARNING 2025-07-16 01:17:03,852 basehttp "POST /api/property_listings/ HTTP/1.1" 400 52
WARNING 2025-07-16 01:19:21,601 log Bad Request: /api/property_listings/
WARNING 2025-07-16 01:19:21,601 log Bad Request: /api/property_listings/
WARNING 2025-07-16 01:19:21,604 basehttp "POST /api/property_listings/ HTTP/1.1" 400 40
INFO 2025-07-16 01:21:15,107 autoreload /media/allano/53CE082D539E52ED/_pD_BE/booking_app_BE/booking_app/listings/serializers/listing_serializer.py changed, reloading.
INFO 2025-07-16 01:21:18,587 autoreload Watching for file changes with StatReloader
WARNING 2025-07-16 01:21:28,792 log Bad Request: /api/property_listings/
WARNING 2025-07-16 01:21:28,792 log Bad Request: /api/property_listings/
WARNING 2025-07-16 01:21:28,793 basehttp "POST /api/property_listings/ HTTP/1.1" 400 40
WARNING 2025-07-16 01:22:10,296 log Bad Request: /api/property_listings/
WARNING 2025-07-16 01:22:10,296 log Bad Request: /api/property_listings/
WARNING 2025-07-16 01:22:10,297 basehttp "POST /api/property_listings/ HTTP/1.1" 400 40
WARNING 2025-07-16 01:22:26,055 log Bad Request: /api/property_listings/
WARNING 2025-07-16 01:22:26,055 log Bad Request: /api/property_listings/
WARNING 2025-07-16 01:22:26,056 basehttp "POST /api/property_listings/ HTTP/1.1" 400 52
INFO 2025-07-16 01:23:41,573 autoreload /media/allano/53CE082D539E52ED/_pD_BE/booking_app_BE/booking_app/listings/serializers/listing_serializer.py changed, reloading.
INFO 2025-07-16 01:23:43,238 autoreload Watching for file changes with StatReloader
WARNING 2025-07-16 01:23:45,789 log Bad Request: /api/property_listings/
WARNING 2025-07-16 01:23:45,789 log Bad Request: /api/property_listings/
WARNING 2025-07-16 01:23:45,790 basehttp "POST /api/property_listings/ HTTP/1.1" 400 80
WARNING 2025-07-16 01:24:04,017 log Bad Request: /api/property_listings/
WARNING 2025-07-16 01:24:04,017 log Bad Request: /api/property_listings/
WARNING 2025-07-16 01:24:04,018 basehttp "POST /api/property_listings/ HTTP/1.1" 400 40
WARNING 2025-07-16 01:25:20,000 log Bad Request: /api/property_listings/
WARNING 2025-07-16 01:25:20,000 log Bad Request: /api/property_listings/
WARNING 2025-07-16 01:25:20,001 basehttp "POST /api/property_listings/ HTTP/1.1" 400 40
WARNING 2025-07-16 01:25:23,280 log Bad Request: /api/property_listings/
WARNING 2025-07-16 01:25:23,280 log Bad Request: /api/property_listings/
WARNING 2025-07-16 01:25:23,280 basehttp "POST /api/property_listings/ HTTP/1.1" 400 40
INFO 2025-07-16 01:25:58,760 autoreload /media/allano/53CE082D539E52ED/_pD_BE/booking_app_BE/booking_app/listings/serializers/listing_serializer.py changed, reloading.
INFO 2025-07-16 01:26:03,385 autoreload Watching for file changes with StatReloader
WARNING 2025-07-16 01:26:19,003 log Bad Request: /api/property_listings/
WARNING 2025-07-16 01:26:19,003 log Bad Request: /api/property_listings/
WARNING 2025-07-16 01:26:19,004 basehttp "POST /api/property_listings/ HTTP/1.1" 400 73
WARNING 2025-07-16 01:27:33,388 log Bad Request: /api/property_listings/
WARNING 2025-07-16 01:27:33,388 log Bad Request: /api/property_listings/
WARNING 2025-07-16 01:27:33,389 basehttp "POST /api/property_listings/ HTTP/1.1" 400 40
INFO 2025-07-16 01:28:05,368 autoreload /media/allano/53CE082D539E52ED/_pD_BE/booking_app_BE/booking_app/listings/serializers/listing_serializer.py changed, reloading.
INFO 2025-07-16 01:28:08,609 autoreload Watching for file changes with StatReloader
WARNING 2025-07-16 01:28:13,057 log Bad Request: /api/property_listings/
WARNING 2025-07-16 01:28:13,057 log Bad Request: /api/property_listings/
WARNING 2025-07-16 01:28:13,058 basehttp "POST /api/property_listings/ HTTP/1.1" 400 40
INFO 2025-07-16 01:29:29,790 autoreload /media/allano/53CE082D539E52ED/_pD_BE/booking_app_BE/booking_app/listings/models/listing.py changed, reloading.
INFO 2025-07-16 01:29:33,071 autoreload Watching for file changes with StatReloader
WARNING 2025-07-16 01:29:35,066 log Forbidden: /api/property_listings/
WARNING 2025-07-16 01:29:35,066 log Forbidden: /api/property_listings/
WARNING 2025-07-16 01:29:35,067 basehttp "POST /api/property_listings/ HTTP/1.1" 403 172
INFO 2025-07-16 01:29:45,054 basehttp "POST /api/token/ HTTP/1.1" 200 654
WARNING 2025-07-16 01:29:58,489 log Bad Request: /api/property_listings/
WARNING 2025-07-16 01:29:58,489 log Bad Request: /api/property_listings/
WARNING 2025-07-16 01:29:58,491 basehttp "POST /api/property_listings/ HTTP/1.1" 400 40
INFO 2025-07-16 01:30:45,788 autoreload Watching for file changes with StatReloader
INFO 2025-07-16 01:30:57,232 basehttp "POST /api/token/ HTTP/1.1" 200 654
WARNING 2025-07-16 01:31:06,685 log Bad Request: /api/property_listings/
WARNING 2025-07-16 01:31:06,685 log Bad Request: /api/property_listings/
WARNING 2025-07-16 01:31:06,686 basehttp "POST /api/property_listings/ HTTP/1.1" 400 40
ERROR 2025-07-16 01:32:17,317 log Internal Server Error: /api/property_listings/
Traceback (most recent call last):
  File "/media/allano/53CE082D539E52ED/_pD_BE/booking_app_BE/venv/lib/python3.10/site-packages/rest_framework/fields.py", line 437, in get_attribute
    return get_attribute(instance, self.source_attrs)
  File "/media/allano/53CE082D539E52ED/_pD_BE/booking_app_BE/venv/lib/python3.10/site-packages/rest_framework/fields.py", line 104, in get_attribute
    instance = getattr(instance, attr)
AttributeError: 'Listing' object has no attribute 'latitude'

During handling of the above exception, another exception occurred:

Traceback (most recent call last):
  File "/media/allano/53CE082D539E52ED/_pD_BE/booking_app_BE/venv/lib/python3.10/site-packages/django/core/handlers/exception.py", line 55, in inner
    response = get_response(request)
  File "/media/allano/53CE082D539E52ED/_pD_BE/booking_app_BE/venv/lib/python3.10/site-packages/django/core/handlers/base.py", line 197, in _get_response
    response = wrapped_callback(request, *callback_args, **callback_kwargs)
  File "/media/allano/53CE082D539E52ED/_pD_BE/booking_app_BE/venv/lib/python3.10/site-packages/django/views/decorators/csrf.py", line 65, in _view_wrapper
    return view_func(request, *args, **kwargs)
  File "/media/allano/53CE082D539E52ED/_pD_BE/booking_app_BE/venv/lib/python3.10/site-packages/rest_framework/viewsets.py", line 125, in view
    return self.dispatch(request, *args, **kwargs)
  File "/media/allano/53CE082D539E52ED/_pD_BE/booking_app_BE/venv/lib/python3.10/site-packages/rest_framework/views.py", line 515, in dispatch
    response = self.handle_exception(exc)
  File "/media/allano/53CE082D539E52ED/_pD_BE/booking_app_BE/venv/lib/python3.10/site-packages/rest_framework/views.py", line 475, in handle_exception
    self.raise_uncaught_exception(exc)
  File "/media/allano/53CE082D539E52ED/_pD_BE/booking_app_BE/venv/lib/python3.10/site-packages/rest_framework/views.py", line 486, in raise_uncaught_exception
    raise exc
  File "/media/allano/53CE082D539E52ED/_pD_BE/booking_app_BE/venv/lib/python3.10/site-packages/rest_framework/views.py", line 512, in dispatch
    response = handler(request, *args, **kwargs)
  File "/media/allano/53CE082D539E52ED/_pD_BE/booking_app_BE/venv/lib/python3.10/site-packages/rest_framework/mixins.py", line 43, in list
    return self.get_paginated_response(serializer.data)
  File "/media/allano/53CE082D539E52ED/_pD_BE/booking_app_BE/venv/lib/python3.10/site-packages/rest_framework/serializers.py", line 797, in data
    ret = super().data
  File "/media/allano/53CE082D539E52ED/_pD_BE/booking_app_BE/venv/lib/python3.10/site-packages/rest_framework/serializers.py", line 251, in data
    self._data = self.to_representation(self.instance)
  File "/media/allano/53CE082D539E52ED/_pD_BE/booking_app_BE/venv/lib/python3.10/site-packages/rest_framework/serializers.py", line 715, in to_representation
    return [
  File "/media/allano/53CE082D539E52ED/_pD_BE/booking_app_BE/venv/lib/python3.10/site-packages/rest_framework/serializers.py", line 716, in <listcomp>
    self.child.to_representation(item) for item in iterable
  File "/media/allano/53CE082D539E52ED/_pD_BE/booking_app_BE/venv/lib/python3.10/site-packages/rest_framework/serializers.py", line 527, in to_representation
    attribute = field.get_attribute(instance)
  File "/media/allano/53CE082D539E52ED/_pD_BE/booking_app_BE/venv/lib/python3.10/site-packages/rest_framework/fields.py", line 470, in get_attribute
    raise type(exc)(msg)
AttributeError: Got AttributeError when attempting to get a value for field `latitude` on serializer `ListingSerializer`.
The serializer field might be named incorrectly and not match any attribute or key on the `Listing` instance.
Original exception text was: 'Listing' object has no attribute 'latitude'.
ERROR 2025-07-16 01:32:17,317 log Internal Server Error: /api/property_listings/
Traceback (most recent call last):
  File "/media/allano/53CE082D539E52ED/_pD_BE/booking_app_BE/venv/lib/python3.10/site-packages/rest_framework/fields.py", line 437, in get_attribute
    return get_attribute(instance, self.source_attrs)
  File "/media/allano/53CE082D539E52ED/_pD_BE/booking_app_BE/venv/lib/python3.10/site-packages/rest_framework/fields.py", line 104, in get_attribute
    instance = getattr(instance, attr)
AttributeError: 'Listing' object has no attribute 'latitude'

During handling of the above exception, another exception occurred:

Traceback (most recent call last):
  File "/media/allano/53CE082D539E52ED/_pD_BE/booking_app_BE/venv/lib/python3.10/site-packages/django/core/handlers/exception.py", line 55, in inner
    response = get_response(request)
  File "/media/allano/53CE082D539E52ED/_pD_BE/booking_app_BE/venv/lib/python3.10/site-packages/django/core/handlers/base.py", line 197, in _get_response
    response = wrapped_callback(request, *callback_args, **callback_kwargs)
  File "/media/allano/53CE082D539E52ED/_pD_BE/booking_app_BE/venv/lib/python3.10/site-packages/django/views/decorators/csrf.py", line 65, in _view_wrapper
    return view_func(request, *args, **kwargs)
  File "/media/allano/53CE082D539E52ED/_pD_BE/booking_app_BE/venv/lib/python3.10/site-packages/rest_framework/viewsets.py", line 125, in view
    return self.dispatch(request, *args, **kwargs)
  File "/media/allano/53CE082D539E52ED/_pD_BE/booking_app_BE/venv/lib/python3.10/site-packages/rest_framework/views.py", line 515, in dispatch
    response = self.handle_exception(exc)
  File "/media/allano/53CE082D539E52ED/_pD_BE/booking_app_BE/venv/lib/python3.10/site-packages/rest_framework/views.py", line 475, in handle_exception
    self.raise_uncaught_exception(exc)
  File "/media/allano/53CE082D539E52ED/_pD_BE/booking_app_BE/venv/lib/python3.10/site-packages/rest_framework/views.py", line 486, in raise_uncaught_exception
    raise exc
  File "/media/allano/53CE082D539E52ED/_pD_BE/booking_app_BE/venv/lib/python3.10/site-packages/rest_framework/views.py", line 512, in dispatch
    response = handler(request, *args, **kwargs)
  File "/media/allano/53CE082D539E52ED/_pD_BE/booking_app_BE/venv/lib/python3.10/site-packages/rest_framework/mixins.py", line 43, in list
    return self.get_paginated_response(serializer.data)
  File "/media/allano/53CE082D539E52ED/_pD_BE/booking_app_BE/venv/lib/python3.10/site-packages/rest_framework/serializers.py", line 797, in data
    ret = super().data
  File "/media/allano/53CE082D539E52ED/_pD_BE/booking_app_BE/venv/lib/python3.10/site-packages/rest_framework/serializers.py", line 251, in data
    self._data = self.to_representation(self.instance)
  File "/media/allano/53CE082D539E52ED/_pD_BE/booking_app_BE/venv/lib/python3.10/site-packages/rest_framework/serializers.py", line 715, in to_representation
    return [
  File "/media/allano/53CE082D539E52ED/_pD_BE/booking_app_BE/venv/lib/python3.10/site-packages/rest_framework/serializers.py", line 716, in <listcomp>
    self.child.to_representation(item) for item in iterable
  File "/media/allano/53CE082D539E52ED/_pD_BE/booking_app_BE/venv/lib/python3.10/site-packages/rest_framework/serializers.py", line 527, in to_representation
    attribute = field.get_attribute(instance)
  File "/media/allano/53CE082D539E52ED/_pD_BE/booking_app_BE/venv/lib/python3.10/site-packages/rest_framework/fields.py", line 470, in get_attribute
    raise type(exc)(msg)
AttributeError: Got AttributeError when attempting to get a value for field `latitude` on serializer `ListingSerializer`.
The serializer field might be named incorrectly and not match any attribute or key on the `Listing` instance.
Original exception text was: 'Listing' object has no attribute 'latitude'.
ERROR 2025-07-16 01:32:17,323 basehttp "GET /api/property_listings/ HTTP/1.1" 500 173016
INFO 2025-07-16 01:33:47,141 autoreload /media/allano/53CE082D539E52ED/_pD_BE/booking_app_BE/booking_app/listings/serializers/listing_serializer.py changed, reloading.
INFO 2025-07-16 01:33:48,864 autoreload Watching for file changes with StatReloader
INFO 2025-07-16 01:33:56,546 basehttp "GET /api/property_listings/ HTTP/1.1" 200 4993
INFO 2025-07-16 01:34:19,583 basehttp "GET /api/users/ HTTP/1.1" 200 362
WARNING 2025-07-16 01:34:41,528 log Not Found: /api/listings/
WARNING 2025-07-16 01:34:41,528 log Not Found: /api/listings/
WARNING 2025-07-16 01:34:41,528 basehttp "GET /api/listings/ HTTP/1.1" 404 15714
INFO 2025-07-16 01:34:53,710 basehttp "GET /api/property_listings/ HTTP/1.1" 200 4993
WARNING 2025-07-16 01:35:19,647 log Not Found: /api/ae722eaa-32b8-4f7d-bbcc-8755ef6b8e86/property_listings/
WARNING 2025-07-16 01:35:19,647 log Not Found: /api/ae722eaa-32b8-4f7d-bbcc-8755ef6b8e86/property_listings/
WARNING 2025-07-16 01:35:19,648 basehttp "GET /api/ae722eaa-32b8-4f7d-bbcc-8755ef6b8e86/property_listings/ HTTP/1.1" 404 15852
WARNING 2025-07-16 01:35:26,848 log Not Found: /api/ae722eaa-32b8-4f7d-bbcc-8755ef6b8e86/listings/
WARNING 2025-07-16 01:35:26,848 log Not Found: /api/ae722eaa-32b8-4f7d-bbcc-8755ef6b8e86/listings/
WARNING 2025-07-16 01:35:26,849 basehttp "GET /api/ae722eaa-32b8-4f7d-bbcc-8755ef6b8e86/listings/ HTTP/1.1" 404 15825
WARNING 2025-07-16 01:35:35,491 log Not Found: /api/ae722eaa-32b8-4f7d-bbcc-8755ef6b8e86/
WARNING 2025-07-16 01:35:35,491 log Not Found: /api/ae722eaa-32b8-4f7d-bbcc-8755ef6b8e86/
WARNING 2025-07-16 01:35:35,492 basehttp "GET /api/ae722eaa-32b8-4f7d-bbcc-8755ef6b8e86/ HTTP/1.1" 404 15798
INFO 2025-07-16 01:35:44,464 basehttp "GET /api/users/ HTTP/1.1" 200 362
INFO 2025-07-16 01:35:53,038 basehttp "GET /api/users/ae722eaa-32b8-4f7d-bbcc-8755ef6b8e86/ HTTP/1.1" 200 310
INFO 2025-07-16 01:35:58,808 basehttp "GET /api/users/ae722eaa-32b8-4f7d-bbcc-8755ef6b8e86/listings/ HTTP/1.1" 200 4993
WARNING 2025-07-16 01:36:19,028 log Not Found: /api/users/ae722eaa-32b8-4f7d-bbcc-8755ef6b8e86/property_listings/
WARNING 2025-07-16 01:36:19,028 log Not Found: /api/users/ae722eaa-32b8-4f7d-bbcc-8755ef6b8e86/property_listings/
WARNING 2025-07-16 01:36:19,028 basehttp "GET /api/users/ae722eaa-32b8-4f7d-bbcc-8755ef6b8e86/property_listings/ HTTP/1.1" 404 15870
INFO 2025-07-16 01:36:26,082 basehttp "GET /api/users/ae722eaa-32b8-4f7d-bbcc-8755ef6b8e86/listings/ HTTP/1.1" 200 4993
WARNING 2025-07-16 01:36:42,123 log Bad Request: /api/users/ae722eaa-32b8-4f7d-bbcc-8755ef6b8e86/listings/
WARNING 2025-07-16 01:36:42,123 log Bad Request: /api/users/ae722eaa-32b8-4f7d-bbcc-8755ef6b8e86/listings/
WARNING 2025-07-16 01:36:42,124 basehttp "POST /api/users/ae722eaa-32b8-4f7d-bbcc-8755ef6b8e86/listings/ HTTP/1.1" 400 131
WARNING 2025-07-16 01:37:10,118 log Bad Request: /api/property_listings/
WARNING 2025-07-16 01:37:10,118 log Bad Request: /api/property_listings/
WARNING 2025-07-16 01:37:10,119 basehttp "POST /api/property_listings/ HTTP/1.1" 400 131
WARNING 2025-07-16 01:39:16,701 log Bad Request: /api/property_listings/
WARNING 2025-07-16 01:39:16,701 log Bad Request: /api/property_listings/
WARNING 2025-07-16 01:39:16,701 basehttp "POST /api/property_listings/ HTTP/1.1" 400 40
INFO 2025-07-16 01:40:52,454 basehttp "POST /api/token/ HTTP/1.1" 200 654
INFO 2025-07-16 01:41:42,389 basehttp "GET /api/property_listings/ HTTP/1.1" 200 4993
INFO 2025-07-16 01:41:55,700 basehttp "POST /api/token/ HTTP/1.1" 200 654
INFO 2025-07-16 01:42:03,201 basehttp "GET /api/property_listings/ HTTP/1.1" 200 4993
INFO 2025-07-16 01:42:15,627 basehttp "GET /api/property_listings/ HTTP/1.1" 200 49041
INFO 2025-07-16 01:43:21,294 autoreload /media/allano/53CE082D539E52ED/_pD_BE/booking_app_BE/booking_app/bookings/urls.py changed, reloading.
INFO 2025-07-16 01:43:24,742 autoreload Watching for file changes with StatReloader
INFO 2025-07-16 01:46:40,903 autoreload /media/allano/53CE082D539E52ED/_pD_BE/booking_app_BE/booking_app/listings/urls.py changed, reloading.
INFO 2025-07-16 01:46:45,106 autoreload Watching for file changes with StatReloader
WARNING 2025-07-16 01:47:00,606 log Not Found: /api/property_listings/\ta93b7743-3669-4b4a-9bbc-6f4bc6790157/
WARNING 2025-07-16 01:47:00,606 log Not Found: /api/property_listings/\ta93b7743-3669-4b4a-9bbc-6f4bc6790157/
WARNING 2025-07-16 01:47:00,608 basehttp "GET /api/property_listings/%09a93b7743-3669-4b4a-9bbc-6f4bc6790157/ HTTP/1.1" 404 23
WARNING 2025-07-16 01:47:05,730 log Not Found: /api/property_listings/\ta93b7743-3669-4b4a-9bbc-6f4bc6790157/
WARNING 2025-07-16 01:47:05,730 log Not Found: /api/property_listings/\ta93b7743-3669-4b4a-9bbc-6f4bc6790157/
WARNING 2025-07-16 01:47:05,731 basehttp "GET /api/property_listings/%09a93b7743-3669-4b4a-9bbc-6f4bc6790157/ HTTP/1.1" 404 23
INFO 2025-07-16 01:47:16,327 basehttp "GET /api/property_listings/a93b7743-3669-4b4a-9bbc-6f4bc6790157 HTTP/1.1" 301 0
INFO 2025-07-16 01:47:16,389 basehttp "GET /api/property_listings/a93b7743-3669-4b4a-9bbc-6f4bc6790157/ HTTP/1.1" 200 2612
ERROR 2025-07-16 01:50:04,320 log Internal Server Error: /api/property_listings/a93b7743-3669-4b4a-9bbc-6f4bc6790157/make_booking/
Traceback (most recent call last):
  File "/media/allano/53CE082D539E52ED/_pD_BE/booking_app_BE/venv/lib/python3.10/site-packages/django/core/handlers/exception.py", line 55, in inner
    response = get_response(request)
  File "/media/allano/53CE082D539E52ED/_pD_BE/booking_app_BE/venv/lib/python3.10/site-packages/django/core/handlers/base.py", line 197, in _get_response
    response = wrapped_callback(request, *callback_args, **callback_kwargs)
  File "/media/allano/53CE082D539E52ED/_pD_BE/booking_app_BE/venv/lib/python3.10/site-packages/django/views/decorators/csrf.py", line 65, in _view_wrapper
    return view_func(request, *args, **kwargs)
  File "/media/allano/53CE082D539E52ED/_pD_BE/booking_app_BE/venv/lib/python3.10/site-packages/rest_framework/viewsets.py", line 117, in view
    handler = getattr(self, action)
AttributeError: 'ListingViewSet' object has no attribute 'make_booking'
ERROR 2025-07-16 01:50:04,320 log Internal Server Error: /api/property_listings/a93b7743-3669-4b4a-9bbc-6f4bc6790157/make_booking/
Traceback (most recent call last):
  File "/media/allano/53CE082D539E52ED/_pD_BE/booking_app_BE/venv/lib/python3.10/site-packages/django/core/handlers/exception.py", line 55, in inner
    response = get_response(request)
  File "/media/allano/53CE082D539E52ED/_pD_BE/booking_app_BE/venv/lib/python3.10/site-packages/django/core/handlers/base.py", line 197, in _get_response
    response = wrapped_callback(request, *callback_args, **callback_kwargs)
  File "/media/allano/53CE082D539E52ED/_pD_BE/booking_app_BE/venv/lib/python3.10/site-packages/django/views/decorators/csrf.py", line 65, in _view_wrapper
    return view_func(request, *args, **kwargs)
  File "/media/allano/53CE082D539E52ED/_pD_BE/booking_app_BE/venv/lib/python3.10/site-packages/rest_framework/viewsets.py", line 117, in view
    handler = getattr(self, action)
AttributeError: 'ListingViewSet' object has no attribute 'make_booking'
ERROR 2025-07-16 01:50:04,322 basehttp "POST /api/property_listings/a93b7743-3669-4b4a-9bbc-6f4bc6790157/make_booking/ HTTP/1.1" 500 83812
INFO 2025-07-16 01:52:49,233 autoreload /media/allano/53CE082D539E52ED/_pD_BE/booking_app_BE/booking_app/listings/urls.py changed, reloading.
INFO 2025-07-16 01:52:53,444 autoreload Watching for file changes with StatReloader
INFO 2025-07-16 01:53:16,516 basehttp "GET /api/property_listings/a93b7743-3669-4b4a-9bbc-6f4bc6790157/ HTTP/1.1" 200 2612
INFO 2025-07-16 01:53:23,347 basehttp "GET /api/property_listings/a93b7743-3669-4b4a-9bbc-6f4bc6790157/bookings/ HTTP/1.1" 200 10022
WARNING 2025-07-16 01:54:21,716 log Bad Request: /api/property_listings/a93b7743-3669-4b4a-9bbc-6f4bc6790157/bookings/
WARNING 2025-07-16 01:54:21,716 log Bad Request: /api/property_listings/a93b7743-3669-4b4a-9bbc-6f4bc6790157/bookings/
WARNING 2025-07-16 01:54:21,717 basehttp "POST /api/property_listings/a93b7743-3669-4b4a-9bbc-6f4bc6790157/bookings/ HTTP/1.1" 400 55
INFO 2025-07-16 01:54:44,684 basehttp "GET /api/property_listings/a93b7743-3669-4b4a-9bbc-6f4bc6790157/bookings/ HTTP/1.1" 200 10022
INFO 2025-07-16 02:02:34,530 autoreload /media/allano/53CE082D539E52ED/_pD_BE/booking_app_BE/booking_app/bookings/services/booking_service.py changed, reloading.
INFO 2025-07-16 02:02:38,674 autoreload Watching for file changes with StatReloader
INFO 2025-07-16 02:04:23,025 autoreload Watching for file changes with StatReloader
WARNING 2025-07-16 02:04:28,494 log Bad Request: /api/property_listings/a93b7743-3669-4b4a-9bbc-6f4bc6790157/bookings/
WARNING 2025-07-16 02:04:28,494 log Bad Request: /api/property_listings/a93b7743-3669-4b4a-9bbc-6f4bc6790157/bookings/
WARNING 2025-07-16 02:04:28,495 basehttp "GET /api/property_listings/a93b7743-3669-4b4a-9bbc-6f4bc6790157/bookings/ HTTP/1.1" 400 37
INFO 2025-07-16 02:04:54,346 basehttp "POST /api/token/ HTTP/1.1" 200 654
WARNING 2025-07-16 02:05:11,242 log Bad Request: /api/property_listings/a93b7743-3669-4b4a-9bbc-6f4bc6790157/bookings/
WARNING 2025-07-16 02:05:11,242 log Bad Request: /api/property_listings/a93b7743-3669-4b4a-9bbc-6f4bc6790157/bookings/
WARNING 2025-07-16 02:05:11,243 basehttp "GET /api/property_listings/a93b7743-3669-4b4a-9bbc-6f4bc6790157/bookings/ HTTP/1.1" 400 37
INFO 2025-07-16 02:05:22,014 basehttp "GET /api/property_listings/a93b7743-3669-4b4a-9bbc-6f4bc6790157/ HTTP/1.1" 200 2612
WARNING 2025-07-16 02:05:31,127 log Bad Request: /api/property_listings/a93b7743-3669-4b4a-9bbc-6f4bc6790157/bookings/
WARNING 2025-07-16 02:05:31,127 log Bad Request: /api/property_listings/a93b7743-3669-4b4a-9bbc-6f4bc6790157/bookings/
WARNING 2025-07-16 02:05:31,128 basehttp "GET /api/property_listings/a93b7743-3669-4b4a-9bbc-6f4bc6790157/bookings/ HTTP/1.1" 400 37
INFO 2025-07-16 02:08:26,872 autoreload /media/allano/53CE082D539E52ED/_pD_BE/booking_app_BE/booking_app/bookings/services/booking_service.py changed, reloading.
INFO 2025-07-16 02:08:30,951 autoreload Watching for file changes with StatReloader
WARNING 2025-07-16 02:08:37,846 log Bad Request: /api/property_listings/a93b7743-3669-4b4a-9bbc-6f4bc6790157/bookings/
WARNING 2025-07-16 02:08:37,846 log Bad Request: /api/property_listings/a93b7743-3669-4b4a-9bbc-6f4bc6790157/bookings/
WARNING 2025-07-16 02:08:37,846 basehttp "GET /api/property_listings/a93b7743-3669-4b4a-9bbc-6f4bc6790157/bookings/ HTTP/1.1" 400 44
INFO 2025-07-16 02:09:00,677 basehttp "GET /api/property_listings/a93b7743-3669-4b4a-9bbc-6f4bc6790157/ HTTP/1.1" 200 2612
INFO 2025-07-16 02:11:41,077 autoreload /media/allano/53CE082D539E52ED/_pD_BE/booking_app_BE/booking_app/bookings/services/booking_service.py changed, reloading.
INFO 2025-07-16 02:11:45,341 autoreload Watching for file changes with StatReloader
INFO 2025-07-16 02:11:49,344 basehttp "GET /api/property_listings/a93b7743-3669-4b4a-9bbc-6f4bc6790157/ HTTP/1.1" 200 2612
ERROR 2025-07-16 02:11:56,800 log Internal Server Error: /api/property_listings/a93b7743-3669-4b4a-9bbc-6f4bc6790157/bookings/
Traceback (most recent call last):
  File "/media/allano/53CE082D539E52ED/_pD_BE/booking_app_BE/venv/lib/python3.10/site-packages/django/core/handlers/exception.py", line 55, in inner
    response = get_response(request)
  File "/media/allano/53CE082D539E52ED/_pD_BE/booking_app_BE/venv/lib/python3.10/site-packages/django/core/handlers/base.py", line 197, in _get_response
    response = wrapped_callback(request, *callback_args, **callback_kwargs)
  File "/media/allano/53CE082D539E52ED/_pD_BE/booking_app_BE/venv/lib/python3.10/site-packages/django/views/decorators/csrf.py", line 65, in _view_wrapper
    return view_func(request, *args, **kwargs)
  File "/media/allano/53CE082D539E52ED/_pD_BE/booking_app_BE/venv/lib/python3.10/site-packages/rest_framework/viewsets.py", line 125, in view
    return self.dispatch(request, *args, **kwargs)
  File "/media/allano/53CE082D539E52ED/_pD_BE/booking_app_BE/venv/lib/python3.10/site-packages/rest_framework/views.py", line 515, in dispatch
    response = self.handle_exception(exc)
  File "/media/allano/53CE082D539E52ED/_pD_BE/booking_app_BE/venv/lib/python3.10/site-packages/rest_framework/views.py", line 475, in handle_exception
    self.raise_uncaught_exception(exc)
  File "/media/allano/53CE082D539E52ED/_pD_BE/booking_app_BE/venv/lib/python3.10/site-packages/rest_framework/views.py", line 486, in raise_uncaught_exception
    raise exc
  File "/media/allano/53CE082D539E52ED/_pD_BE/booking_app_BE/venv/lib/python3.10/site-packages/rest_framework/views.py", line 512, in dispatch
    response = handler(request, *args, **kwargs)
  File "/media/allano/53CE082D539E52ED/_pD_BE/booking_app_BE/venv/lib/python3.10/site-packages/rest_framework/mixins.py", line 38, in list
    queryset = self.filter_queryset(self.get_queryset())
  File "/media/allano/53CE082D539E52ED/_pD_BE/booking_app_BE/booking_app/bookings/views/booking_views.py", line 32, in get_queryset
    return BookingService.get_bookings_for_user(self.request.user) # type: ignore
TypeError: BookingService.get_bookings_for_user() missing 1 required positional argument: 'listing'
ERROR 2025-07-16 02:11:56,800 log Internal Server Error: /api/property_listings/a93b7743-3669-4b4a-9bbc-6f4bc6790157/bookings/
Traceback (most recent call last):
  File "/media/allano/53CE082D539E52ED/_pD_BE/booking_app_BE/venv/lib/python3.10/site-packages/django/core/handlers/exception.py", line 55, in inner
    response = get_response(request)
  File "/media/allano/53CE082D539E52ED/_pD_BE/booking_app_BE/venv/lib/python3.10/site-packages/django/core/handlers/base.py", line 197, in _get_response
    response = wrapped_callback(request, *callback_args, **callback_kwargs)
  File "/media/allano/53CE082D539E52ED/_pD_BE/booking_app_BE/venv/lib/python3.10/site-packages/django/views/decorators/csrf.py", line 65, in _view_wrapper
    return view_func(request, *args, **kwargs)
  File "/media/allano/53CE082D539E52ED/_pD_BE/booking_app_BE/venv/lib/python3.10/site-packages/rest_framework/viewsets.py", line 125, in view
    return self.dispatch(request, *args, **kwargs)
  File "/media/allano/53CE082D539E52ED/_pD_BE/booking_app_BE/venv/lib/python3.10/site-packages/rest_framework/views.py", line 515, in dispatch
    response = self.handle_exception(exc)
  File "/media/allano/53CE082D539E52ED/_pD_BE/booking_app_BE/venv/lib/python3.10/site-packages/rest_framework/views.py", line 475, in handle_exception
    self.raise_uncaught_exception(exc)
  File "/media/allano/53CE082D539E52ED/_pD_BE/booking_app_BE/venv/lib/python3.10/site-packages/rest_framework/views.py", line 486, in raise_uncaught_exception
    raise exc
  File "/media/allano/53CE082D539E52ED/_pD_BE/booking_app_BE/venv/lib/python3.10/site-packages/rest_framework/views.py", line 512, in dispatch
    response = handler(request, *args, **kwargs)
  File "/media/allano/53CE082D539E52ED/_pD_BE/booking_app_BE/venv/lib/python3.10/site-packages/rest_framework/mixins.py", line 38, in list
    queryset = self.filter_queryset(self.get_queryset())
  File "/media/allano/53CE082D539E52ED/_pD_BE/booking_app_BE/booking_app/bookings/views/booking_views.py", line 32, in get_queryset
    return BookingService.get_bookings_for_user(self.request.user) # type: ignore
TypeError: BookingService.get_bookings_for_user() missing 1 required positional argument: 'listing'
ERROR 2025-07-16 02:11:56,819 basehttp "GET /api/property_listings/a93b7743-3669-4b4a-9bbc-6f4bc6790157/bookings/ HTTP/1.1" 500 111666
INFO 2025-07-16 02:14:07,272 autoreload /media/allano/53CE082D539E52ED/_pD_BE/booking_app_BE/booking_app/bookings/views/booking_views.py changed, reloading.
INFO 2025-07-16 02:14:11,482 autoreload Watching for file changes with StatReloader
INFO 2025-07-16 02:14:14,823 basehttp "GET /api/property_listings/a93b7743-3669-4b4a-9bbc-6f4bc6790157/bookings/ HTTP/1.1" 200 62
WARNING 2025-07-16 02:14:37,291 log Bad Request: /api/property_listings/a93b7743-3669-4b4a-9bbc-6f4bc6790157/bookings/
WARNING 2025-07-16 02:14:37,291 log Bad Request: /api/property_listings/a93b7743-3669-4b4a-9bbc-6f4bc6790157/bookings/
WARNING 2025-07-16 02:14:37,292 basehttp "POST /api/property_listings/a93b7743-3669-4b4a-9bbc-6f4bc6790157/bookings/ HTTP/1.1" 400 55
INFO 2025-07-16 02:14:44,589 basehttp "GET /api/property_listings/a93b7743-3669-4b4a-9bbc-6f4bc6790157/bookings/ HTTP/1.1" 200 62
WARNING 2025-07-16 02:14:58,151 log Not Found: /api/property_listings/bookings/
WARNING 2025-07-16 02:14:58,151 log Not Found: /api/property_listings/bookings/
WARNING 2025-07-16 02:14:58,153 basehttp "GET /api/property_listings/bookings/ HTTP/1.1" 404 23
INFO 2025-07-16 02:15:07,147 basehttp "GET /api/bookings/ HTTP/1.1" 200 62
INFO 2025-07-26 23:19:43,368 autoreload Watching for file changes with StatReloader
INFO 2025-07-26 23:22:06,247 autoreload Watching for file changes with StatReloader
INFO 2025-07-26 23:22:59,386 autoreload /media/allano/53CE082D539E52ED/_pD_BE/booking_app_BE/booking_app/listings/serializers/listing_serializer.py changed, reloading.
INFO 2025-07-26 23:23:03,510 autoreload Watching for file changes with StatReloader
WARNING 2025-07-26 23:23:11,389 log Not Found: /
WARNING 2025-07-26 23:23:11,389 log Not Found: /
WARNING 2025-07-26 23:23:11,392 basehttp "GET / HTTP/1.1" 404 4123
WARNING 2025-07-26 23:23:11,730 log Not Found: /favicon.ico
WARNING 2025-07-26 23:23:11,730 log Not Found: /favicon.ico
WARNING 2025-07-26 23:23:11,731 basehttp "GET /favicon.ico HTTP/1.1" 404 4174
WARNING 2025-07-26 23:23:24,185 log Not Found: /api/tokens/
WARNING 2025-07-26 23:23:24,185 log Not Found: /api/tokens/
WARNING 2025-07-26 23:23:24,188 basehttp "GET /api/tokens/ HTTP/1.1" 404 18194
WARNING 2025-07-26 23:23:54,254 log Method Not Allowed: /api/token/
WARNING 2025-07-26 23:23:54,254 log Method Not Allowed: /api/token/
WARNING 2025-07-26 23:23:54,258 basehttp "GET /api/token/ HTTP/1.1" 405 7824
INFO 2025-07-26 23:23:54,543 basehttp "GET /static/rest_framework/js/ajax-form.js HTTP/1.1" 200 3796
INFO 2025-07-26 23:23:54,543 basehttp "GET /static/rest_framework/js/jquery-3.7.1.min.js HTTP/1.1" 200 87533
INFO 2025-07-26 23:23:54,544 basehttp "GET /static/rest_framework/css/bootstrap.min.css HTTP/1.1" 200 121457
INFO 2025-07-26 23:23:54,545 basehttp "GET /static/rest_framework/css/bootstrap-tweaks.css HTTP/1.1" 200 3426
INFO 2025-07-26 23:23:54,547 basehttp "GET /static/rest_framework/css/default.css HTTP/1.1" 200 1152
INFO 2025-07-26 23:23:54,549 basehttp "GET /static/rest_framework/css/prettify.css HTTP/1.1" 200 817
INFO 2025-07-26 23:23:54,552 basehttp "GET /static/rest_framework/js/csrf.js HTTP/1.1" 200 1793
INFO 2025-07-26 23:23:54,556 basehttp "GET /static/rest_framework/js/bootstrap.min.js HTTP/1.1" 200 39680
INFO 2025-07-26 23:23:54,638 basehttp "GET /static/rest_framework/js/load-ajax-form.js HTTP/1.1" 200 59
INFO 2025-07-26 23:23:54,639 basehttp "GET /static/rest_framework/js/default.js HTTP/1.1" 200 1268
INFO 2025-07-26 23:23:54,639 basehttp "GET /static/rest_framework/js/prettify-min.js HTTP/1.1" 200 13632
INFO 2025-07-26 23:23:54,750 basehttp "GET /static/rest_framework/img/grid.png HTTP/1.1" 200 1458
INFO 2025-07-26 23:25:57,198 autoreload Watching for file changes with StatReloader
WARNING 2025-07-26 23:26:03,175 log Not Found: /api/admin
WARNING 2025-07-26 23:26:03,175 log Not Found: /api/admin
WARNING 2025-07-26 23:26:03,176 basehttp "GET /api/admin HTTP/1.1" 404 18188
WARNING 2025-07-26 23:26:09,878 log Not Found: /api/admin/
WARNING 2025-07-26 23:26:09,878 log Not Found: /api/admin/
WARNING 2025-07-26 23:26:09,881 basehttp "GET /api/admin/ HTTP/1.1" 404 18191
WARNING 2025-07-26 23:26:19,873 log Not Found: /admin/
WARNING 2025-07-26 23:26:19,873 log Not Found: /admin/
WARNING 2025-07-26 23:26:19,876 basehttp "GET /admin/ HTTP/1.1" 404 4159
WARNING 2025-07-26 23:26:55,788 log Not Found: /
WARNING 2025-07-26 23:26:55,788 log Not Found: /
WARNING 2025-07-26 23:26:55,792 basehttp "GET / HTTP/1.1" 404 4123
WARNING 2025-07-26 23:27:03,404 log Not Found: /admin/auth/group/
WARNING 2025-07-26 23:27:03,404 log Not Found: /admin/auth/group/
WARNING 2025-07-26 23:27:03,407 basehttp "GET /admin/auth/group/ HTTP/1.1" 404 4192
WARNING 2025-07-26 23:27:08,169 log Not Found: /admin/
WARNING 2025-07-26 23:27:08,169 log Not Found: /admin/
WARNING 2025-07-26 23:27:08,172 basehttp "GET /admin/ HTTP/1.1" 404 4159
INFO 2025-07-26 23:28:35,347 autoreload /media/allano/53CE082D539E52ED/_pD_BE/booking_app_BE/booking_app/booking_app/urls.py changed, reloading.
INFO 2025-07-26 23:28:39,383 autoreload Watching for file changes with StatReloader
WARNING 2025-07-26 23:28:48,523 log Not Found: /api/dmin/
WARNING 2025-07-26 23:28:48,523 log Not Found: /api/dmin/
WARNING 2025-07-26 23:28:48,527 basehttp "GET /api/dmin/ HTTP/1.1" 404 18341
INFO 2025-07-26 23:28:54,737 basehttp "GET /api/admin/ HTTP/1.1" 302 0
INFO 2025-07-26 23:28:54,966 basehttp "GET /api/admin/login/?next=/api/admin/ HTTP/1.1" 200 4189
INFO 2025-07-26 23:28:55,102 basehttp "GET /static/admin/css/base.css HTTP/1.1" 200 22120
INFO 2025-07-26 23:28:55,102 basehttp "GET /static/admin/css/dark_mode.css HTTP/1.1" 200 2808
INFO 2025-07-26 23:28:55,104 basehttp "GET /static/admin/css/responsive.css HTTP/1.1" 200 16565
INFO 2025-07-26 23:28:55,105 basehttp "GET /static/admin/css/nav_sidebar.css HTTP/1.1" 200 2810
INFO 2025-07-26 23:28:55,106 basehttp "GET /static/admin/css/login.css HTTP/1.1" 200 951
INFO 2025-07-26 23:28:55,106 basehttp "GET /static/admin/js/theme.js HTTP/1.1" 200 1653
INFO 2025-07-26 23:28:55,210 basehttp "GET /static/admin/js/nav_sidebar.js HTTP/1.1" 200 3063
INFO 2025-07-26 23:29:07,541 basehttp "POST /api/admin/login/?next=/api/admin/ HTTP/1.1" 302 0
INFO 2025-07-26 23:29:07,588 basehttp "GET /api/admin/ HTTP/1.1" 200 9259
INFO 2025-07-26 23:29:07,883 basehttp "GET /static/admin/css/dashboard.css HTTP/1.1" 200 441
INFO 2025-07-26 23:29:08,123 basehttp "GET /static/admin/img/icon-addlink.svg HTTP/1.1" 200 331
INFO 2025-07-26 23:29:08,127 basehttp "GET /static/admin/img/icon-changelink.svg HTTP/1.1" 200 380
INFO 2025-07-26 23:29:17,800 basehttp "GET /api/admin/account/emailaddress/ HTTP/1.1" 200 11288
INFO 2025-07-26 23:29:17,945 basehttp "GET /static/admin/css/changelists.css HTTP/1.1" 200 6878
INFO 2025-07-26 23:29:17,968 basehttp "GET /static/admin/js/admin/RelatedObjectLookups.js HTTP/1.1" 200 9777
INFO 2025-07-26 23:29:17,971 basehttp "GET /static/admin/js/core.js HTTP/1.1" 200 6208
INFO 2025-07-26 23:29:17,975 basehttp "GET /static/admin/js/actions.js HTTP/1.1" 200 8076
INFO 2025-07-26 23:29:17,988 basehttp "GET /static/admin/js/vendor/jquery/jquery.js HTTP/1.1" 200 285314
INFO 2025-07-26 23:29:18,033 basehttp "GET /static/admin/js/urlify.js HTTP/1.1" 200 7887
INFO 2025-07-26 23:29:18,045 basehttp "GET /static/admin/js/prepopulate.js HTTP/1.1" 200 1531
INFO 2025-07-26 23:29:18,051 basehttp "GET /static/admin/js/jquery.init.js HTTP/1.1" 200 347
INFO 2025-07-26 23:29:18,068 basehttp "GET /api/admin/jsi18n/ HTTP/1.1" 200 3342
INFO 2025-07-26 23:29:18,068 basehttp "GET /static/admin/js/vendor/xregexp/xregexp.js HTTP/1.1" 200 325171
INFO 2025-07-26 23:29:18,078 basehttp "GET /static/admin/img/search.svg HTTP/1.1" 200 458
INFO 2025-07-26 23:29:18,256 basehttp "GET /static/admin/img/tooltag-add.svg HTTP/1.1" 200 331
INFO 2025-07-26 23:29:18,256 basehttp "GET /static/admin/js/filters.js HTTP/1.1" 200 978
INFO 2025-07-26 23:29:18,257 basehttp "GET /static/admin/img/icon-viewlink.svg HTTP/1.1" 200 581
INFO 2025-07-26 23:29:21,736 basehttp "GET /api/admin/ HTTP/1.1" 200 9259
INFO 2025-07-26 23:29:24,464 basehttp "GET /api/admin/auth/ HTTP/1.1" 200 5588
INFO 2025-07-26 23:29:27,103 basehttp "GET /api/admin/ HTTP/1.1" 200 9259
INFO 2025-07-26 23:29:29,402 basehttp "GET /api/admin/account/ HTTP/1.1" 200 5553
INFO 2025-07-26 23:29:31,461 basehttp "GET /api/admin/ HTTP/1.1" 200 9259
WARNING 2025-07-26 23:29:38,812 log Not Found: /
WARNING 2025-07-26 23:29:38,812 log Not Found: /
WARNING 2025-07-26 23:29:38,815 basehttp "GET / HTTP/1.1" 404 4276
INFO 2025-07-26 23:29:43,897 basehttp "GET /api/admin/ HTTP/1.1" 200 9259
INFO 2025-07-26 23:29:46,039 basehttp "GET /api/admin/socialaccount/ HTTP/1.1" 200 7021
INFO 2025-07-26 23:29:47,989 basehttp "GET /api/admin/socialaccount/socialapp/ HTTP/1.1" 200 10040
INFO 2025-07-26 23:29:48,204 basehttp "GET /api/admin/jsi18n/ HTTP/1.1" 200 3342
INFO 2025-07-26 23:29:50,999 basehttp "GET /api/admin/socialaccount/ HTTP/1.1" 200 7021
WARNING 2025-07-26 23:32:17,823 log Method Not Allowed: /api/auth/register/
WARNING 2025-07-26 23:32:17,823 log Method Not Allowed: /api/auth/register/
WARNING 2025-07-26 23:32:17,825 basehttp "GET /api/auth/register/ HTTP/1.1" 405 10838
INFO 2025-07-26 23:34:12,305 basehttp "POST /api/auth/register/ HTTP/1.1" 201 11319
WARNING 2025-07-26 23:34:38,288 log Bad Request: /api/auth/register/
WARNING 2025-07-26 23:34:38,288 log Bad Request: /api/auth/register/
WARNING 2025-07-26 23:34:38,291 basehttp "POST /api/auth/register/ HTTP/1.1" 400 11445
INFO 2025-07-26 23:35:37,567 basehttp "POST /api/auth/register/ HTTP/1.1" 201 11346
WARNING 2025-07-26 23:36:01,580 log Not Found: /auth/verify/71713bfe-9757-4cb7-ad47-b82836565507/PFNzy65oIVJ43UXvh11xZ8aZvRSlgqGp6q7AANlJccc
WARNING 2025-07-26 23:36:01,580 log Not Found: /auth/verify/71713bfe-9757-4cb7-ad47-b82836565507/PFNzy65oIVJ43UXvh11xZ8aZvRSlgqGp6q7AANlJccc
WARNING 2025-07-26 23:36:01,582 basehttp "GET /auth/verify/71713bfe-9757-4cb7-ad47-b82836565507/PFNzy65oIVJ43UXvh11xZ8aZvRSlgqGp6q7AANlJccc HTTP/1.1" 404 4570
WARNING 2025-07-26 23:36:02,017 log Not Found: /favicon.ico
WARNING 2025-07-26 23:36:02,017 log Not Found: /favicon.ico
WARNING 2025-07-26 23:36:02,018 basehttp "GET /favicon.ico HTTP/1.1" 404 4327
WARNING 2025-07-26 23:36:53,213 log Not Found: /auth/verify/71713bfe-9757-4cb7-ad47-b82836565507/PFNzy65oIVJ43UXvh11xZ8aZvRSlgqGp6q7AANlJccc
WARNING 2025-07-26 23:36:53,213 log Not Found: /auth/verify/71713bfe-9757-4cb7-ad47-b82836565507/PFNzy65oIVJ43UXvh11xZ8aZvRSlgqGp6q7AANlJccc
WARNING 2025-07-26 23:36:53,216 basehttp "GET /auth/verify/71713bfe-9757-4cb7-ad47-b82836565507/PFNzy65oIVJ43UXvh11xZ8aZvRSlgqGp6q7AANlJccc HTTP/1.1" 404 4570
INFO 2025-07-26 23:37:04,425 basehttp "GET /api/auth/verify/71713bfe-9757-4cb7-ad47-b82836565507/PFNzy65oIVJ43UXvh11xZ8aZvRSlgqGp6q7AANlJccc HTTP/1.1" 301 0
INFO 2025-07-26 23:37:04,544 basehttp "GET /api/auth/verify/71713bfe-9757-4cb7-ad47-b82836565507/PFNzy65oIVJ43UXvh11xZ8aZvRSlgqGp6q7AANlJccc/ HTTP/1.1" 200 6075
INFO 2025-07-26 23:37:04,708 basehttp "GET /static/rest_framework/css/bootstrap.min.css HTTP/1.1" 200 121457
INFO 2025-07-26 23:37:04,711 basehttp "GET /static/rest_framework/css/bootstrap-tweaks.css HTTP/1.1" 304 0
INFO 2025-07-26 23:37:04,711 basehttp "GET /static/rest_framework/css/prettify.css HTTP/1.1" 304 0
INFO 2025-07-26 23:37:04,713 basehttp "GET /static/rest_framework/js/prettify-min.js HTTP/1.1" 200 13632
INFO 2025-07-26 23:37:04,715 basehttp "GET /static/rest_framework/js/bootstrap.min.js HTTP/1.1" 200 39680
INFO 2025-07-26 23:37:04,715 basehttp "GET /static/rest_framework/js/jquery-3.7.1.min.js HTTP/1.1" 200 87533
INFO 2025-07-26 23:37:04,717 basehttp "GET /static/rest_framework/js/ajax-form.js HTTP/1.1" 304 0
INFO 2025-07-26 23:37:04,717 basehttp "GET /static/rest_framework/css/default.css HTTP/1.1" 304 0
INFO 2025-07-26 23:37:04,736 basehttp "GET /static/rest_framework/js/csrf.js HTTP/1.1" 304 0
INFO 2025-07-26 23:37:04,736 basehttp "GET /static/rest_framework/js/default.js HTTP/1.1" 304 0
INFO 2025-07-26 23:37:04,737 basehttp "GET /static/rest_framework/js/load-ajax-form.js HTTP/1.1" 304 0
INFO 2025-07-26 23:37:05,086 basehttp "GET /static/rest_framework/img/grid.png HTTP/1.1" 304 0
INFO 2025-07-26 23:37:46,655 autoreload /media/allano/53CE082D539E52ED/_pD_BE/booking_app_BE/booking_app/users/services/user_registration_service.py changed, reloading.
INFO 2025-07-26 23:37:51,501 autoreload Watching for file changes with StatReloader
WARNING 2025-07-26 23:38:20,309 log Bad Request: /api/auth/register/
WARNING 2025-07-26 23:38:20,309 log Bad Request: /api/auth/register/
WARNING 2025-07-26 23:38:20,312 basehttp "POST /api/auth/register/ HTTP/1.1" 400 11445
WARNING 2025-07-26 23:39:00,844 log Bad Request: /api/auth/register/
WARNING 2025-07-26 23:39:00,844 log Bad Request: /api/auth/register/
WARNING 2025-07-26 23:39:00,845 basehttp "POST /api/auth/register/ HTTP/1.1" 400 11037
INFO 2025-07-26 23:39:10,729 basehttp "POST /api/auth/register/ HTTP/1.1" 201 11261
INFO 2025-07-26 23:39:18,548 basehttp "GET /api/auth/verify/bb3f6382-601d-4803-aa74-323821ab79fe/auVRC7QUQD2Yblh0BA5rpXfiLTAqlYNARfhCZlWMFwY HTTP/1.1" 301 0
INFO 2025-07-26 23:39:18,655 basehttp "GET /api/auth/verify/bb3f6382-601d-4803-aa74-323821ab79fe/auVRC7QUQD2Yblh0BA5rpXfiLTAqlYNARfhCZlWMFwY/ HTTP/1.1" 200 6075
WARNING 2025-07-26 23:39:47,739 log Not Found: /api/auth/tokens/
WARNING 2025-07-26 23:39:47,739 log Not Found: /api/auth/tokens/
WARNING 2025-07-26 23:39:47,742 basehttp "GET /api/auth/tokens/ HTTP/1.1" 404 18362
WARNING 2025-07-26 23:39:54,344 log Not Found: /api/tokens/
WARNING 2025-07-26 23:39:54,344 log Not Found: /api/tokens/
WARNING 2025-07-26 23:39:54,347 basehttp "GET /api/tokens/ HTTP/1.1" 404 18347
WARNING 2025-07-26 23:39:59,354 log Method Not Allowed: /api/token/
WARNING 2025-07-26 23:39:59,354 log Method Not Allowed: /api/token/
WARNING 2025-07-26 23:39:59,357 basehttp "GET /api/token/ HTTP/1.1" 405 7824
INFO 2025-07-26 23:40:16,821 basehttp "POST /api/token/ HTTP/1.1" 200 8434
WARNING 2025-07-26 23:40:41,953 log Method Not Allowed: /api/token/
WARNING 2025-07-26 23:40:41,953 log Method Not Allowed: /api/token/
WARNING 2025-07-26 23:40:41,956 basehttp "GET /api/token/ HTTP/1.1" 405 7824
INFO 2025-07-26 23:40:44,250 basehttp "GET /api/ HTTP/1.1" 200 5852
WARNING 2025-07-26 23:40:55,784 log Not Found: /api/user/
WARNING 2025-07-26 23:40:55,784 log Not Found: /api/user/
WARNING 2025-07-26 23:40:55,787 basehttp "GET /api/user/ HTTP/1.1" 404 18341
INFO 2025-07-26 23:41:02,028 basehttp "GET /api/users/ HTTP/1.1" 200 25584
INFO 2025-07-26 23:41:02,246 basehttp "GET /static/rest_framework/fonts/glyphicons-halflings-regular.woff2 HTTP/1.1" 200 18028
INFO 2025-07-26 23:41:29,377 basehttp "GET /api/users/5c4f75b5-3009-4518-9118-ceb8de07faed/ HTTP/1.1" 200 13001
INFO 2025-07-26 23:45:16,752 autoreload /media/allano/53CE082D539E52ED/_pD_BE/booking_app_BE/booking_app/common/permissions/permissions.py changed, reloading.
INFO 2025-07-26 23:45:19,878 autoreload Watching for file changes with StatReloader
INFO 2025-07-26 23:45:22,438 basehttp "POST /api-auth/logout/?next=/api/users/5c4f75b5-3009-4518-9118-ceb8de07faed/ HTTP/1.1" 302 0
WARNING 2025-07-26 23:45:22,690 log Forbidden: /api/users/5c4f75b5-3009-4518-9118-ceb8de07faed/
WARNING 2025-07-26 23:45:22,690 log Forbidden: /api/users/5c4f75b5-3009-4518-9118-ceb8de07faed/
WARNING 2025-07-26 23:45:22,691 basehttp "GET /api/users/5c4f75b5-3009-4518-9118-ceb8de07faed/ HTTP/1.1" 403 5449
WARNING 2025-07-26 23:45:26,549 log Forbidden: /api/users/5c4f75b5-3009-4518-9118-ceb8de07faed/
WARNING 2025-07-26 23:45:26,549 log Forbidden: /api/users/5c4f75b5-3009-4518-9118-ceb8de07faed/
WARNING 2025-07-26 23:45:26,552 basehttp "GET /api/users/5c4f75b5-3009-4518-9118-ceb8de07faed/ HTTP/1.1" 403 5449
WARNING 2025-07-26 23:45:33,621 log Method Not Allowed: /api/token/
WARNING 2025-07-26 23:45:33,621 log Method Not Allowed: /api/token/
WARNING 2025-07-26 23:45:33,624 basehttp "GET /api/token/ HTTP/1.1" 405 7824
INFO 2025-07-26 23:45:44,416 basehttp "POST /api/token/ HTTP/1.1" 200 8434
WARNING 2025-07-26 23:46:03,083 log Forbidden: /api/
WARNING 2025-07-26 23:46:03,083 log Forbidden: /api/
WARNING 2025-07-26 23:46:03,086 basehttp "GET /api/ HTTP/1.1" 403 4940
INFO 2025-07-26 23:46:09,239 basehttp "GET /api-auth/login/?next=/api/ HTTP/1.1" 200 2705
INFO 2025-07-26 23:46:20,362 basehttp "POST /api-auth/login/ HTTP/1.1" 302 0
INFO 2025-07-26 23:46:20,386 basehttp "GET /api/ HTTP/1.1" 200 5866
INFO 2025-07-26 23:46:34,139 basehttp "OPTIONS /api/ HTTP/1.1" 200 6139
INFO 2025-07-26 23:46:46,439 basehttp "GET /api/users/ HTTP/1.1" 200 7933
INFO 2025-07-26 23:47:06,481 basehttp "GET /api/users/?search=spring HTTP/1.1" 200 7412
INFO 2025-07-26 23:47:20,274 basehttp "GET /api/users/ HTTP/1.1" 200 7933
ERROR 2025-07-26 23:47:37,283 log Internal Server Error: /api/bookings/
Traceback (most recent call last):
  File "/media/allano/53CE082D539E52ED/_pD_BE/booking_app_BE/venv/lib/python3.10/site-packages/django/core/handlers/exception.py", line 55, in inner
    response = get_response(request)
  File "/media/allano/53CE082D539E52ED/_pD_BE/booking_app_BE/venv/lib/python3.10/site-packages/django/core/handlers/base.py", line 220, in _get_response
    response = response.render()
  File "/media/allano/53CE082D539E52ED/_pD_BE/booking_app_BE/venv/lib/python3.10/site-packages/django/template/response.py", line 114, in render
    self.content = self.rendered_content
  File "/media/allano/53CE082D539E52ED/_pD_BE/booking_app_BE/venv/lib/python3.10/site-packages/rest_framework/response.py", line 74, in rendered_content
    ret = renderer.render(self.data, accepted_media_type, context)
  File "/media/allano/53CE082D539E52ED/_pD_BE/booking_app_BE/venv/lib/python3.10/site-packages/rest_framework/renderers.py", line 731, in render
    context = self.get_context(data, accepted_media_type, renderer_context)
  File "/media/allano/53CE082D539E52ED/_pD_BE/booking_app_BE/venv/lib/python3.10/site-packages/rest_framework/renderers.py", line 709, in get_context
    'filter_form': self.get_filter_form(data, view, request),
  File "/media/allano/53CE082D539E52ED/_pD_BE/booking_app_BE/venv/lib/python3.10/site-packages/rest_framework/renderers.py", line 641, in get_filter_form
    html = backend().to_html(request, queryset, view)
  File "/media/allano/53CE082D539E52ED/_pD_BE/booking_app_BE/venv/lib/python3.10/site-packages/django_filters/rest_framework/backends.py", line 79, in to_html
    template = loader.get_template(self.template)
  File "/media/allano/53CE082D539E52ED/_pD_BE/booking_app_BE/venv/lib/python3.10/site-packages/django/template/loader.py", line 19, in get_template
    raise TemplateDoesNotExist(template_name, chain=chain)
django.template.exceptions.TemplateDoesNotExist: django_filters/rest_framework/form.html
ERROR 2025-07-26 23:47:37,283 log Internal Server Error: /api/bookings/
Traceback (most recent call last):
  File "/media/allano/53CE082D539E52ED/_pD_BE/booking_app_BE/venv/lib/python3.10/site-packages/django/core/handlers/exception.py", line 55, in inner
    response = get_response(request)
  File "/media/allano/53CE082D539E52ED/_pD_BE/booking_app_BE/venv/lib/python3.10/site-packages/django/core/handlers/base.py", line 220, in _get_response
    response = response.render()
  File "/media/allano/53CE082D539E52ED/_pD_BE/booking_app_BE/venv/lib/python3.10/site-packages/django/template/response.py", line 114, in render
    self.content = self.rendered_content
  File "/media/allano/53CE082D539E52ED/_pD_BE/booking_app_BE/venv/lib/python3.10/site-packages/rest_framework/response.py", line 74, in rendered_content
    ret = renderer.render(self.data, accepted_media_type, context)
  File "/media/allano/53CE082D539E52ED/_pD_BE/booking_app_BE/venv/lib/python3.10/site-packages/rest_framework/renderers.py", line 731, in render
    context = self.get_context(data, accepted_media_type, renderer_context)
  File "/media/allano/53CE082D539E52ED/_pD_BE/booking_app_BE/venv/lib/python3.10/site-packages/rest_framework/renderers.py", line 709, in get_context
    'filter_form': self.get_filter_form(data, view, request),
  File "/media/allano/53CE082D539E52ED/_pD_BE/booking_app_BE/venv/lib/python3.10/site-packages/rest_framework/renderers.py", line 641, in get_filter_form
    html = backend().to_html(request, queryset, view)
  File "/media/allano/53CE082D539E52ED/_pD_BE/booking_app_BE/venv/lib/python3.10/site-packages/django_filters/rest_framework/backends.py", line 79, in to_html
    template = loader.get_template(self.template)
  File "/media/allano/53CE082D539E52ED/_pD_BE/booking_app_BE/venv/lib/python3.10/site-packages/django/template/loader.py", line 19, in get_template
    raise TemplateDoesNotExist(template_name, chain=chain)
django.template.exceptions.TemplateDoesNotExist: django_filters/rest_framework/form.html
ERROR 2025-07-26 23:47:37,300 basehttp "GET /api/bookings/ HTTP/1.1" 500 115515
WARNING 2025-07-26 23:47:55,952 log Not Found: /api/booking/
WARNING 2025-07-26 23:47:55,952 log Not Found: /api/booking/
WARNING 2025-07-26 23:47:55,954 basehttp "GET /api/booking/ HTTP/1.1" 404 18350
WARNING 2025-07-26 23:48:03,143 log Not Found: /api/listings/
WARNING 2025-07-26 23:48:03,143 log Not Found: /api/listings/
WARNING 2025-07-26 23:48:03,146 basehttp "GET /api/listings/ HTTP/1.1" 404 18353
INFO 2025-07-26 23:48:08,081 basehttp "GET /api/ HTTP/1.1" 200 5866
INFO 2025-07-26 23:48:12,320 basehttp "GET /api/users/ HTTP/1.1" 200 7933
INFO 2025-07-26 23:48:25,997 basehttp "GET /media/profiles/IMG_3225_LURf2PJ.png HTTP/1.1" 200 404765
INFO 2025-07-26 23:48:36,845 basehttp "GET /api/users/71713bfe-9757-4cb7-ad47-b82836565507/ HTTP/1.1" 200 6539
INFO 2025-07-26 23:48:55,740 basehttp "GET /api/users/71713bfe-9757-4cb7-ad47-b82836565507/ HTTP/1.1" 200 6539
ERROR 2025-07-26 23:49:06,306 log Internal Server Error: /api/users/71713bfe-9757-4cb7-ad47-b82836565507/bookings/
Traceback (most recent call last):
  File "/media/allano/53CE082D539E52ED/_pD_BE/booking_app_BE/venv/lib/python3.10/site-packages/django/core/handlers/exception.py", line 55, in inner
    response = get_response(request)
  File "/media/allano/53CE082D539E52ED/_pD_BE/booking_app_BE/venv/lib/python3.10/site-packages/django/core/handlers/base.py", line 220, in _get_response
    response = response.render()
  File "/media/allano/53CE082D539E52ED/_pD_BE/booking_app_BE/venv/lib/python3.10/site-packages/django/template/response.py", line 114, in render
    self.content = self.rendered_content
  File "/media/allano/53CE082D539E52ED/_pD_BE/booking_app_BE/venv/lib/python3.10/site-packages/rest_framework/response.py", line 74, in rendered_content
    ret = renderer.render(self.data, accepted_media_type, context)
  File "/media/allano/53CE082D539E52ED/_pD_BE/booking_app_BE/venv/lib/python3.10/site-packages/rest_framework/renderers.py", line 731, in render
    context = self.get_context(data, accepted_media_type, renderer_context)
  File "/media/allano/53CE082D539E52ED/_pD_BE/booking_app_BE/venv/lib/python3.10/site-packages/rest_framework/renderers.py", line 709, in get_context
    'filter_form': self.get_filter_form(data, view, request),
  File "/media/allano/53CE082D539E52ED/_pD_BE/booking_app_BE/venv/lib/python3.10/site-packages/rest_framework/renderers.py", line 641, in get_filter_form
    html = backend().to_html(request, queryset, view)
  File "/media/allano/53CE082D539E52ED/_pD_BE/booking_app_BE/venv/lib/python3.10/site-packages/django_filters/rest_framework/backends.py", line 79, in to_html
    template = loader.get_template(self.template)
  File "/media/allano/53CE082D539E52ED/_pD_BE/booking_app_BE/venv/lib/python3.10/site-packages/django/template/loader.py", line 19, in get_template
    raise TemplateDoesNotExist(template_name, chain=chain)
django.template.exceptions.TemplateDoesNotExist: django_filters/rest_framework/form.html
ERROR 2025-07-26 23:49:06,306 log Internal Server Error: /api/users/71713bfe-9757-4cb7-ad47-b82836565507/bookings/
Traceback (most recent call last):
  File "/media/allano/53CE082D539E52ED/_pD_BE/booking_app_BE/venv/lib/python3.10/site-packages/django/core/handlers/exception.py", line 55, in inner
    response = get_response(request)
  File "/media/allano/53CE082D539E52ED/_pD_BE/booking_app_BE/venv/lib/python3.10/site-packages/django/core/handlers/base.py", line 220, in _get_response
    response = response.render()
  File "/media/allano/53CE082D539E52ED/_pD_BE/booking_app_BE/venv/lib/python3.10/site-packages/django/template/response.py", line 114, in render
    self.content = self.rendered_content
  File "/media/allano/53CE082D539E52ED/_pD_BE/booking_app_BE/venv/lib/python3.10/site-packages/rest_framework/response.py", line 74, in rendered_content
    ret = renderer.render(self.data, accepted_media_type, context)
  File "/media/allano/53CE082D539E52ED/_pD_BE/booking_app_BE/venv/lib/python3.10/site-packages/rest_framework/renderers.py", line 731, in render
    context = self.get_context(data, accepted_media_type, renderer_context)
  File "/media/allano/53CE082D539E52ED/_pD_BE/booking_app_BE/venv/lib/python3.10/site-packages/rest_framework/renderers.py", line 709, in get_context
    'filter_form': self.get_filter_form(data, view, request),
  File "/media/allano/53CE082D539E52ED/_pD_BE/booking_app_BE/venv/lib/python3.10/site-packages/rest_framework/renderers.py", line 641, in get_filter_form
    html = backend().to_html(request, queryset, view)
  File "/media/allano/53CE082D539E52ED/_pD_BE/booking_app_BE/venv/lib/python3.10/site-packages/django_filters/rest_framework/backends.py", line 79, in to_html
    template = loader.get_template(self.template)
  File "/media/allano/53CE082D539E52ED/_pD_BE/booking_app_BE/venv/lib/python3.10/site-packages/django/template/loader.py", line 19, in get_template
    raise TemplateDoesNotExist(template_name, chain=chain)
django.template.exceptions.TemplateDoesNotExist: django_filters/rest_framework/form.html
ERROR 2025-07-26 23:49:06,314 basehttp "GET /api/users/71713bfe-9757-4cb7-ad47-b82836565507/bookings/ HTTP/1.1" 500 116436
WARNING 2025-07-26 23:49:14,184 log Not Found: /api/users/listings/
WARNING 2025-07-26 23:49:14,184 log Not Found: /api/users/listings/
WARNING 2025-07-26 23:49:14,187 basehttp "GET /api/users/listings/ HTTP/1.1" 404 5879
WARNING 2025-07-26 23:49:29,251 log Not Found: /api/listings/
WARNING 2025-07-26 23:49:29,251 log Not Found: /api/listings/
WARNING 2025-07-26 23:49:29,255 basehttp "GET /api/listings/ HTTP/1.1" 404 18353
ERROR 2025-07-26 23:50:06,833 log Internal Server Error: /api/property_listings/
Traceback (most recent call last):
  File "/media/allano/53CE082D539E52ED/_pD_BE/booking_app_BE/venv/lib/python3.10/site-packages/django/core/handlers/exception.py", line 55, in inner
    response = get_response(request)
  File "/media/allano/53CE082D539E52ED/_pD_BE/booking_app_BE/venv/lib/python3.10/site-packages/django/core/handlers/base.py", line 220, in _get_response
    response = response.render()
  File "/media/allano/53CE082D539E52ED/_pD_BE/booking_app_BE/venv/lib/python3.10/site-packages/django/template/response.py", line 114, in render
    self.content = self.rendered_content
  File "/media/allano/53CE082D539E52ED/_pD_BE/booking_app_BE/venv/lib/python3.10/site-packages/rest_framework/response.py", line 74, in rendered_content
    ret = renderer.render(self.data, accepted_media_type, context)
  File "/media/allano/53CE082D539E52ED/_pD_BE/booking_app_BE/venv/lib/python3.10/site-packages/rest_framework/renderers.py", line 731, in render
    context = self.get_context(data, accepted_media_type, renderer_context)
  File "/media/allano/53CE082D539E52ED/_pD_BE/booking_app_BE/venv/lib/python3.10/site-packages/rest_framework/renderers.py", line 709, in get_context
    'filter_form': self.get_filter_form(data, view, request),
  File "/media/allano/53CE082D539E52ED/_pD_BE/booking_app_BE/venv/lib/python3.10/site-packages/rest_framework/renderers.py", line 641, in get_filter_form
    html = backend().to_html(request, queryset, view)
  File "/media/allano/53CE082D539E52ED/_pD_BE/booking_app_BE/venv/lib/python3.10/site-packages/django_filters/rest_framework/backends.py", line 79, in to_html
    template = loader.get_template(self.template)
  File "/media/allano/53CE082D539E52ED/_pD_BE/booking_app_BE/venv/lib/python3.10/site-packages/django/template/loader.py", line 19, in get_template
    raise TemplateDoesNotExist(template_name, chain=chain)
django.template.exceptions.TemplateDoesNotExist: django_filters/rest_framework/form.html
ERROR 2025-07-26 23:50:06,833 log Internal Server Error: /api/property_listings/
Traceback (most recent call last):
  File "/media/allano/53CE082D539E52ED/_pD_BE/booking_app_BE/venv/lib/python3.10/site-packages/django/core/handlers/exception.py", line 55, in inner
    response = get_response(request)
  File "/media/allano/53CE082D539E52ED/_pD_BE/booking_app_BE/venv/lib/python3.10/site-packages/django/core/handlers/base.py", line 220, in _get_response
    response = response.render()
  File "/media/allano/53CE082D539E52ED/_pD_BE/booking_app_BE/venv/lib/python3.10/site-packages/django/template/response.py", line 114, in render
    self.content = self.rendered_content
  File "/media/allano/53CE082D539E52ED/_pD_BE/booking_app_BE/venv/lib/python3.10/site-packages/rest_framework/response.py", line 74, in rendered_content
    ret = renderer.render(self.data, accepted_media_type, context)
  File "/media/allano/53CE082D539E52ED/_pD_BE/booking_app_BE/venv/lib/python3.10/site-packages/rest_framework/renderers.py", line 731, in render
    context = self.get_context(data, accepted_media_type, renderer_context)
  File "/media/allano/53CE082D539E52ED/_pD_BE/booking_app_BE/venv/lib/python3.10/site-packages/rest_framework/renderers.py", line 709, in get_context
    'filter_form': self.get_filter_form(data, view, request),
  File "/media/allano/53CE082D539E52ED/_pD_BE/booking_app_BE/venv/lib/python3.10/site-packages/rest_framework/renderers.py", line 641, in get_filter_form
    html = backend().to_html(request, queryset, view)
  File "/media/allano/53CE082D539E52ED/_pD_BE/booking_app_BE/venv/lib/python3.10/site-packages/django_filters/rest_framework/backends.py", line 79, in to_html
    template = loader.get_template(self.template)
  File "/media/allano/53CE082D539E52ED/_pD_BE/booking_app_BE/venv/lib/python3.10/site-packages/django/template/loader.py", line 19, in get_template
    raise TemplateDoesNotExist(template_name, chain=chain)
django.template.exceptions.TemplateDoesNotExist: django_filters/rest_framework/form.html
ERROR 2025-07-26 23:50:06,839 basehttp "GET /api/property_listings/ HTTP/1.1" 500 135398
WARNING 2025-07-26 23:50:15,910 log Not Found: /api/users/property_listings/
WARNING 2025-07-26 23:50:15,910 log Not Found: /api/users/property_listings/
WARNING 2025-07-26 23:50:15,913 basehttp "GET /api/users/property_listings/ HTTP/1.1" 404 5933
ERROR 2025-07-26 23:50:36,142 log Internal Server Error: /api/property_listings/
Traceback (most recent call last):
  File "/media/allano/53CE082D539E52ED/_pD_BE/booking_app_BE/venv/lib/python3.10/site-packages/django/core/handlers/exception.py", line 55, in inner
    response = get_response(request)
  File "/media/allano/53CE082D539E52ED/_pD_BE/booking_app_BE/venv/lib/python3.10/site-packages/django/core/handlers/base.py", line 220, in _get_response
    response = response.render()
  File "/media/allano/53CE082D539E52ED/_pD_BE/booking_app_BE/venv/lib/python3.10/site-packages/django/template/response.py", line 114, in render
    self.content = self.rendered_content
  File "/media/allano/53CE082D539E52ED/_pD_BE/booking_app_BE/venv/lib/python3.10/site-packages/rest_framework/response.py", line 74, in rendered_content
    ret = renderer.render(self.data, accepted_media_type, context)
  File "/media/allano/53CE082D539E52ED/_pD_BE/booking_app_BE/venv/lib/python3.10/site-packages/rest_framework/renderers.py", line 731, in render
    context = self.get_context(data, accepted_media_type, renderer_context)
  File "/media/allano/53CE082D539E52ED/_pD_BE/booking_app_BE/venv/lib/python3.10/site-packages/rest_framework/renderers.py", line 709, in get_context
    'filter_form': self.get_filter_form(data, view, request),
  File "/media/allano/53CE082D539E52ED/_pD_BE/booking_app_BE/venv/lib/python3.10/site-packages/rest_framework/renderers.py", line 641, in get_filter_form
    html = backend().to_html(request, queryset, view)
  File "/media/allano/53CE082D539E52ED/_pD_BE/booking_app_BE/venv/lib/python3.10/site-packages/django_filters/rest_framework/backends.py", line 79, in to_html
    template = loader.get_template(self.template)
  File "/media/allano/53CE082D539E52ED/_pD_BE/booking_app_BE/venv/lib/python3.10/site-packages/django/template/loader.py", line 19, in get_template
    raise TemplateDoesNotExist(template_name, chain=chain)
django.template.exceptions.TemplateDoesNotExist: django_filters/rest_framework/form.html
ERROR 2025-07-26 23:50:36,142 log Internal Server Error: /api/property_listings/
Traceback (most recent call last):
  File "/media/allano/53CE082D539E52ED/_pD_BE/booking_app_BE/venv/lib/python3.10/site-packages/django/core/handlers/exception.py", line 55, in inner
    response = get_response(request)
  File "/media/allano/53CE082D539E52ED/_pD_BE/booking_app_BE/venv/lib/python3.10/site-packages/django/core/handlers/base.py", line 220, in _get_response
    response = response.render()
  File "/media/allano/53CE082D539E52ED/_pD_BE/booking_app_BE/venv/lib/python3.10/site-packages/django/template/response.py", line 114, in render
    self.content = self.rendered_content
  File "/media/allano/53CE082D539E52ED/_pD_BE/booking_app_BE/venv/lib/python3.10/site-packages/rest_framework/response.py", line 74, in rendered_content
    ret = renderer.render(self.data, accepted_media_type, context)
  File "/media/allano/53CE082D539E52ED/_pD_BE/booking_app_BE/venv/lib/python3.10/site-packages/rest_framework/renderers.py", line 731, in render
    context = self.get_context(data, accepted_media_type, renderer_context)
  File "/media/allano/53CE082D539E52ED/_pD_BE/booking_app_BE/venv/lib/python3.10/site-packages/rest_framework/renderers.py", line 709, in get_context
    'filter_form': self.get_filter_form(data, view, request),
  File "/media/allano/53CE082D539E52ED/_pD_BE/booking_app_BE/venv/lib/python3.10/site-packages/rest_framework/renderers.py", line 641, in get_filter_form
    html = backend().to_html(request, queryset, view)
  File "/media/allano/53CE082D539E52ED/_pD_BE/booking_app_BE/venv/lib/python3.10/site-packages/django_filters/rest_framework/backends.py", line 79, in to_html
    template = loader.get_template(self.template)
  File "/media/allano/53CE082D539E52ED/_pD_BE/booking_app_BE/venv/lib/python3.10/site-packages/django/template/loader.py", line 19, in get_template
    raise TemplateDoesNotExist(template_name, chain=chain)
django.template.exceptions.TemplateDoesNotExist: django_filters/rest_framework/form.html
ERROR 2025-07-26 23:50:36,149 basehttp "GET /api/property_listings/ HTTP/1.1" 500 135398
INFO 2025-07-26 23:51:55,860 basehttp "GET /api/property_listings/?format=json HTTP/1.1" 200 48089
ERROR 2025-07-26 23:56:51,349 log Internal Server Error: /api/property_listings/
Traceback (most recent call last):
  File "/media/allano/53CE082D539E52ED/_pD_BE/booking_app_BE/venv/lib/python3.10/site-packages/django/core/handlers/exception.py", line 55, in inner
    response = get_response(request)
  File "/media/allano/53CE082D539E52ED/_pD_BE/booking_app_BE/venv/lib/python3.10/site-packages/django/core/handlers/base.py", line 220, in _get_response
    response = response.render()
  File "/media/allano/53CE082D539E52ED/_pD_BE/booking_app_BE/venv/lib/python3.10/site-packages/django/template/response.py", line 114, in render
    self.content = self.rendered_content
  File "/media/allano/53CE082D539E52ED/_pD_BE/booking_app_BE/venv/lib/python3.10/site-packages/rest_framework/response.py", line 74, in rendered_content
    ret = renderer.render(self.data, accepted_media_type, context)
  File "/media/allano/53CE082D539E52ED/_pD_BE/booking_app_BE/venv/lib/python3.10/site-packages/rest_framework/renderers.py", line 731, in render
    context = self.get_context(data, accepted_media_type, renderer_context)
  File "/media/allano/53CE082D539E52ED/_pD_BE/booking_app_BE/venv/lib/python3.10/site-packages/rest_framework/renderers.py", line 709, in get_context
    'filter_form': self.get_filter_form(data, view, request),
  File "/media/allano/53CE082D539E52ED/_pD_BE/booking_app_BE/venv/lib/python3.10/site-packages/rest_framework/renderers.py", line 641, in get_filter_form
    html = backend().to_html(request, queryset, view)
  File "/media/allano/53CE082D539E52ED/_pD_BE/booking_app_BE/venv/lib/python3.10/site-packages/django_filters/rest_framework/backends.py", line 79, in to_html
    template = loader.get_template(self.template)
  File "/media/allano/53CE082D539E52ED/_pD_BE/booking_app_BE/venv/lib/python3.10/site-packages/django/template/loader.py", line 19, in get_template
    raise TemplateDoesNotExist(template_name, chain=chain)
django.template.exceptions.TemplateDoesNotExist: django_filters/rest_framework/form.html
ERROR 2025-07-26 23:56:51,349 log Internal Server Error: /api/property_listings/
Traceback (most recent call last):
  File "/media/allano/53CE082D539E52ED/_pD_BE/booking_app_BE/venv/lib/python3.10/site-packages/django/core/handlers/exception.py", line 55, in inner
    response = get_response(request)
  File "/media/allano/53CE082D539E52ED/_pD_BE/booking_app_BE/venv/lib/python3.10/site-packages/django/core/handlers/base.py", line 220, in _get_response
    response = response.render()
  File "/media/allano/53CE082D539E52ED/_pD_BE/booking_app_BE/venv/lib/python3.10/site-packages/django/template/response.py", line 114, in render
    self.content = self.rendered_content
  File "/media/allano/53CE082D539E52ED/_pD_BE/booking_app_BE/venv/lib/python3.10/site-packages/rest_framework/response.py", line 74, in rendered_content
    ret = renderer.render(self.data, accepted_media_type, context)
  File "/media/allano/53CE082D539E52ED/_pD_BE/booking_app_BE/venv/lib/python3.10/site-packages/rest_framework/renderers.py", line 731, in render
    context = self.get_context(data, accepted_media_type, renderer_context)
  File "/media/allano/53CE082D539E52ED/_pD_BE/booking_app_BE/venv/lib/python3.10/site-packages/rest_framework/renderers.py", line 709, in get_context
    'filter_form': self.get_filter_form(data, view, request),
  File "/media/allano/53CE082D539E52ED/_pD_BE/booking_app_BE/venv/lib/python3.10/site-packages/rest_framework/renderers.py", line 641, in get_filter_form
    html = backend().to_html(request, queryset, view)
  File "/media/allano/53CE082D539E52ED/_pD_BE/booking_app_BE/venv/lib/python3.10/site-packages/django_filters/rest_framework/backends.py", line 79, in to_html
    template = loader.get_template(self.template)
  File "/media/allano/53CE082D539E52ED/_pD_BE/booking_app_BE/venv/lib/python3.10/site-packages/django/template/loader.py", line 19, in get_template
    raise TemplateDoesNotExist(template_name, chain=chain)
django.template.exceptions.TemplateDoesNotExist: django_filters/rest_framework/form.html
ERROR 2025-07-26 23:56:51,359 basehttp "GET /api/property_listings/ HTTP/1.1" 500 135398
ERROR 2025-07-26 23:56:54,495 log Internal Server Error: /api/property_listings/
Traceback (most recent call last):
  File "/media/allano/53CE082D539E52ED/_pD_BE/booking_app_BE/venv/lib/python3.10/site-packages/django/core/handlers/exception.py", line 55, in inner
    response = get_response(request)
  File "/media/allano/53CE082D539E52ED/_pD_BE/booking_app_BE/venv/lib/python3.10/site-packages/django/core/handlers/base.py", line 220, in _get_response
    response = response.render()
  File "/media/allano/53CE082D539E52ED/_pD_BE/booking_app_BE/venv/lib/python3.10/site-packages/django/template/response.py", line 114, in render
    self.content = self.rendered_content
  File "/media/allano/53CE082D539E52ED/_pD_BE/booking_app_BE/venv/lib/python3.10/site-packages/rest_framework/response.py", line 74, in rendered_content
    ret = renderer.render(self.data, accepted_media_type, context)
  File "/media/allano/53CE082D539E52ED/_pD_BE/booking_app_BE/venv/lib/python3.10/site-packages/rest_framework/renderers.py", line 731, in render
    context = self.get_context(data, accepted_media_type, renderer_context)
  File "/media/allano/53CE082D539E52ED/_pD_BE/booking_app_BE/venv/lib/python3.10/site-packages/rest_framework/renderers.py", line 709, in get_context
    'filter_form': self.get_filter_form(data, view, request),
  File "/media/allano/53CE082D539E52ED/_pD_BE/booking_app_BE/venv/lib/python3.10/site-packages/rest_framework/renderers.py", line 641, in get_filter_form
    html = backend().to_html(request, queryset, view)
  File "/media/allano/53CE082D539E52ED/_pD_BE/booking_app_BE/venv/lib/python3.10/site-packages/django_filters/rest_framework/backends.py", line 79, in to_html
    template = loader.get_template(self.template)
  File "/media/allano/53CE082D539E52ED/_pD_BE/booking_app_BE/venv/lib/python3.10/site-packages/django/template/loader.py", line 19, in get_template
    raise TemplateDoesNotExist(template_name, chain=chain)
django.template.exceptions.TemplateDoesNotExist: django_filters/rest_framework/form.html
ERROR 2025-07-26 23:56:54,495 log Internal Server Error: /api/property_listings/
Traceback (most recent call last):
  File "/media/allano/53CE082D539E52ED/_pD_BE/booking_app_BE/venv/lib/python3.10/site-packages/django/core/handlers/exception.py", line 55, in inner
    response = get_response(request)
  File "/media/allano/53CE082D539E52ED/_pD_BE/booking_app_BE/venv/lib/python3.10/site-packages/django/core/handlers/base.py", line 220, in _get_response
    response = response.render()
  File "/media/allano/53CE082D539E52ED/_pD_BE/booking_app_BE/venv/lib/python3.10/site-packages/django/template/response.py", line 114, in render
    self.content = self.rendered_content
  File "/media/allano/53CE082D539E52ED/_pD_BE/booking_app_BE/venv/lib/python3.10/site-packages/rest_framework/response.py", line 74, in rendered_content
    ret = renderer.render(self.data, accepted_media_type, context)
  File "/media/allano/53CE082D539E52ED/_pD_BE/booking_app_BE/venv/lib/python3.10/site-packages/rest_framework/renderers.py", line 731, in render
    context = self.get_context(data, accepted_media_type, renderer_context)
  File "/media/allano/53CE082D539E52ED/_pD_BE/booking_app_BE/venv/lib/python3.10/site-packages/rest_framework/renderers.py", line 709, in get_context
    'filter_form': self.get_filter_form(data, view, request),
  File "/media/allano/53CE082D539E52ED/_pD_BE/booking_app_BE/venv/lib/python3.10/site-packages/rest_framework/renderers.py", line 641, in get_filter_form
    html = backend().to_html(request, queryset, view)
  File "/media/allano/53CE082D539E52ED/_pD_BE/booking_app_BE/venv/lib/python3.10/site-packages/django_filters/rest_framework/backends.py", line 79, in to_html
    template = loader.get_template(self.template)
  File "/media/allano/53CE082D539E52ED/_pD_BE/booking_app_BE/venv/lib/python3.10/site-packages/django/template/loader.py", line 19, in get_template
    raise TemplateDoesNotExist(template_name, chain=chain)
django.template.exceptions.TemplateDoesNotExist: django_filters/rest_framework/form.html
ERROR 2025-07-26 23:56:54,504 basehttp "GET /api/property_listings/ HTTP/1.1" 500 135535
ERROR 2025-07-26 23:56:58,930 log Internal Server Error: /api/property_listings/
Traceback (most recent call last):
  File "/media/allano/53CE082D539E52ED/_pD_BE/booking_app_BE/venv/lib/python3.10/site-packages/django/core/handlers/exception.py", line 55, in inner
    response = get_response(request)
  File "/media/allano/53CE082D539E52ED/_pD_BE/booking_app_BE/venv/lib/python3.10/site-packages/django/core/handlers/base.py", line 220, in _get_response
    response = response.render()
  File "/media/allano/53CE082D539E52ED/_pD_BE/booking_app_BE/venv/lib/python3.10/site-packages/django/template/response.py", line 114, in render
    self.content = self.rendered_content
  File "/media/allano/53CE082D539E52ED/_pD_BE/booking_app_BE/venv/lib/python3.10/site-packages/rest_framework/response.py", line 74, in rendered_content
    ret = renderer.render(self.data, accepted_media_type, context)
  File "/media/allano/53CE082D539E52ED/_pD_BE/booking_app_BE/venv/lib/python3.10/site-packages/rest_framework/renderers.py", line 731, in render
    context = self.get_context(data, accepted_media_type, renderer_context)
  File "/media/allano/53CE082D539E52ED/_pD_BE/booking_app_BE/venv/lib/python3.10/site-packages/rest_framework/renderers.py", line 709, in get_context
    'filter_form': self.get_filter_form(data, view, request),
  File "/media/allano/53CE082D539E52ED/_pD_BE/booking_app_BE/venv/lib/python3.10/site-packages/rest_framework/renderers.py", line 641, in get_filter_form
    html = backend().to_html(request, queryset, view)
  File "/media/allano/53CE082D539E52ED/_pD_BE/booking_app_BE/venv/lib/python3.10/site-packages/django_filters/rest_framework/backends.py", line 79, in to_html
    template = loader.get_template(self.template)
  File "/media/allano/53CE082D539E52ED/_pD_BE/booking_app_BE/venv/lib/python3.10/site-packages/django/template/loader.py", line 19, in get_template
    raise TemplateDoesNotExist(template_name, chain=chain)
django.template.exceptions.TemplateDoesNotExist: django_filters/rest_framework/form.html
ERROR 2025-07-26 23:56:58,930 log Internal Server Error: /api/property_listings/
Traceback (most recent call last):
  File "/media/allano/53CE082D539E52ED/_pD_BE/booking_app_BE/venv/lib/python3.10/site-packages/django/core/handlers/exception.py", line 55, in inner
    response = get_response(request)
  File "/media/allano/53CE082D539E52ED/_pD_BE/booking_app_BE/venv/lib/python3.10/site-packages/django/core/handlers/base.py", line 220, in _get_response
    response = response.render()
  File "/media/allano/53CE082D539E52ED/_pD_BE/booking_app_BE/venv/lib/python3.10/site-packages/django/template/response.py", line 114, in render
    self.content = self.rendered_content
  File "/media/allano/53CE082D539E52ED/_pD_BE/booking_app_BE/venv/lib/python3.10/site-packages/rest_framework/response.py", line 74, in rendered_content
    ret = renderer.render(self.data, accepted_media_type, context)
  File "/media/allano/53CE082D539E52ED/_pD_BE/booking_app_BE/venv/lib/python3.10/site-packages/rest_framework/renderers.py", line 731, in render
    context = self.get_context(data, accepted_media_type, renderer_context)
  File "/media/allano/53CE082D539E52ED/_pD_BE/booking_app_BE/venv/lib/python3.10/site-packages/rest_framework/renderers.py", line 709, in get_context
    'filter_form': self.get_filter_form(data, view, request),
  File "/media/allano/53CE082D539E52ED/_pD_BE/booking_app_BE/venv/lib/python3.10/site-packages/rest_framework/renderers.py", line 641, in get_filter_form
    html = backend().to_html(request, queryset, view)
  File "/media/allano/53CE082D539E52ED/_pD_BE/booking_app_BE/venv/lib/python3.10/site-packages/django_filters/rest_framework/backends.py", line 79, in to_html
    template = loader.get_template(self.template)
  File "/media/allano/53CE082D539E52ED/_pD_BE/booking_app_BE/venv/lib/python3.10/site-packages/django/template/loader.py", line 19, in get_template
    raise TemplateDoesNotExist(template_name, chain=chain)
django.template.exceptions.TemplateDoesNotExist: django_filters/rest_framework/form.html
ERROR 2025-07-26 23:56:58,940 basehttp "GET /api/property_listings/ HTTP/1.1" 500 135535
ERROR 2025-07-26 23:58:23,689 log Internal Server Error: /api/property_listings/
Traceback (most recent call last):
  File "/media/allano/53CE082D539E52ED/_pD_BE/booking_app_BE/venv/lib/python3.10/site-packages/django/core/handlers/exception.py", line 55, in inner
    response = get_response(request)
  File "/media/allano/53CE082D539E52ED/_pD_BE/booking_app_BE/venv/lib/python3.10/site-packages/django/core/handlers/base.py", line 220, in _get_response
    response = response.render()
  File "/media/allano/53CE082D539E52ED/_pD_BE/booking_app_BE/venv/lib/python3.10/site-packages/django/template/response.py", line 114, in render
    self.content = self.rendered_content
  File "/media/allano/53CE082D539E52ED/_pD_BE/booking_app_BE/venv/lib/python3.10/site-packages/rest_framework/response.py", line 74, in rendered_content
    ret = renderer.render(self.data, accepted_media_type, context)
  File "/media/allano/53CE082D539E52ED/_pD_BE/booking_app_BE/venv/lib/python3.10/site-packages/rest_framework/renderers.py", line 731, in render
    context = self.get_context(data, accepted_media_type, renderer_context)
  File "/media/allano/53CE082D539E52ED/_pD_BE/booking_app_BE/venv/lib/python3.10/site-packages/rest_framework/renderers.py", line 709, in get_context
    'filter_form': self.get_filter_form(data, view, request),
  File "/media/allano/53CE082D539E52ED/_pD_BE/booking_app_BE/venv/lib/python3.10/site-packages/rest_framework/renderers.py", line 641, in get_filter_form
    html = backend().to_html(request, queryset, view)
  File "/media/allano/53CE082D539E52ED/_pD_BE/booking_app_BE/venv/lib/python3.10/site-packages/django_filters/rest_framework/backends.py", line 79, in to_html
    template = loader.get_template(self.template)
  File "/media/allano/53CE082D539E52ED/_pD_BE/booking_app_BE/venv/lib/python3.10/site-packages/django/template/loader.py", line 19, in get_template
    raise TemplateDoesNotExist(template_name, chain=chain)
django.template.exceptions.TemplateDoesNotExist: django_filters/rest_framework/form.html
ERROR 2025-07-26 23:58:23,689 log Internal Server Error: /api/property_listings/
Traceback (most recent call last):
  File "/media/allano/53CE082D539E52ED/_pD_BE/booking_app_BE/venv/lib/python3.10/site-packages/django/core/handlers/exception.py", line 55, in inner
    response = get_response(request)
  File "/media/allano/53CE082D539E52ED/_pD_BE/booking_app_BE/venv/lib/python3.10/site-packages/django/core/handlers/base.py", line 220, in _get_response
    response = response.render()
  File "/media/allano/53CE082D539E52ED/_pD_BE/booking_app_BE/venv/lib/python3.10/site-packages/django/template/response.py", line 114, in render
    self.content = self.rendered_content
  File "/media/allano/53CE082D539E52ED/_pD_BE/booking_app_BE/venv/lib/python3.10/site-packages/rest_framework/response.py", line 74, in rendered_content
    ret = renderer.render(self.data, accepted_media_type, context)
  File "/media/allano/53CE082D539E52ED/_pD_BE/booking_app_BE/venv/lib/python3.10/site-packages/rest_framework/renderers.py", line 731, in render
    context = self.get_context(data, accepted_media_type, renderer_context)
  File "/media/allano/53CE082D539E52ED/_pD_BE/booking_app_BE/venv/lib/python3.10/site-packages/rest_framework/renderers.py", line 709, in get_context
    'filter_form': self.get_filter_form(data, view, request),
  File "/media/allano/53CE082D539E52ED/_pD_BE/booking_app_BE/venv/lib/python3.10/site-packages/rest_framework/renderers.py", line 641, in get_filter_form
    html = backend().to_html(request, queryset, view)
  File "/media/allano/53CE082D539E52ED/_pD_BE/booking_app_BE/venv/lib/python3.10/site-packages/django_filters/rest_framework/backends.py", line 79, in to_html
    template = loader.get_template(self.template)
  File "/media/allano/53CE082D539E52ED/_pD_BE/booking_app_BE/venv/lib/python3.10/site-packages/django/template/loader.py", line 19, in get_template
    raise TemplateDoesNotExist(template_name, chain=chain)
django.template.exceptions.TemplateDoesNotExist: django_filters/rest_framework/form.html
ERROR 2025-07-26 23:58:23,697 basehttp "GET /api/property_listings/ HTTP/1.1" 500 135535
WARNING 2025-07-27 00:00:54,576 log Not Found: /auth/verify/71713bfe-9757-4cb7-ad47-b82836565507/PFNzy65oIVJ43UXvh11xZ8aZvRSlgqGp6q7AANlJccc
WARNING 2025-07-27 00:00:54,576 log Not Found: /auth/verify/71713bfe-9757-4cb7-ad47-b82836565507/PFNzy65oIVJ43UXvh11xZ8aZvRSlgqGp6q7AANlJccc
WARNING 2025-07-27 00:00:54,580 basehttp "GET /auth/verify/71713bfe-9757-4cb7-ad47-b82836565507/PFNzy65oIVJ43UXvh11xZ8aZvRSlgqGp6q7AANlJccc HTTP/1.1" 404 4570
ERROR 2025-07-27 00:00:56,991 log Internal Server Error: /api/property_listings/
Traceback (most recent call last):
  File "/media/allano/53CE082D539E52ED/_pD_BE/booking_app_BE/venv/lib/python3.10/site-packages/django/core/handlers/exception.py", line 55, in inner
    response = get_response(request)
  File "/media/allano/53CE082D539E52ED/_pD_BE/booking_app_BE/venv/lib/python3.10/site-packages/django/core/handlers/base.py", line 220, in _get_response
    response = response.render()
  File "/media/allano/53CE082D539E52ED/_pD_BE/booking_app_BE/venv/lib/python3.10/site-packages/django/template/response.py", line 114, in render
    self.content = self.rendered_content
  File "/media/allano/53CE082D539E52ED/_pD_BE/booking_app_BE/venv/lib/python3.10/site-packages/rest_framework/response.py", line 74, in rendered_content
    ret = renderer.render(self.data, accepted_media_type, context)
  File "/media/allano/53CE082D539E52ED/_pD_BE/booking_app_BE/venv/lib/python3.10/site-packages/rest_framework/renderers.py", line 731, in render
    context = self.get_context(data, accepted_media_type, renderer_context)
  File "/media/allano/53CE082D539E52ED/_pD_BE/booking_app_BE/venv/lib/python3.10/site-packages/rest_framework/renderers.py", line 709, in get_context
    'filter_form': self.get_filter_form(data, view, request),
  File "/media/allano/53CE082D539E52ED/_pD_BE/booking_app_BE/venv/lib/python3.10/site-packages/rest_framework/renderers.py", line 641, in get_filter_form
    html = backend().to_html(request, queryset, view)
  File "/media/allano/53CE082D539E52ED/_pD_BE/booking_app_BE/venv/lib/python3.10/site-packages/django_filters/rest_framework/backends.py", line 79, in to_html
    template = loader.get_template(self.template)
  File "/media/allano/53CE082D539E52ED/_pD_BE/booking_app_BE/venv/lib/python3.10/site-packages/django/template/loader.py", line 19, in get_template
    raise TemplateDoesNotExist(template_name, chain=chain)
django.template.exceptions.TemplateDoesNotExist: django_filters/rest_framework/form.html
ERROR 2025-07-27 00:00:56,991 log Internal Server Error: /api/property_listings/
Traceback (most recent call last):
  File "/media/allano/53CE082D539E52ED/_pD_BE/booking_app_BE/venv/lib/python3.10/site-packages/django/core/handlers/exception.py", line 55, in inner
    response = get_response(request)
  File "/media/allano/53CE082D539E52ED/_pD_BE/booking_app_BE/venv/lib/python3.10/site-packages/django/core/handlers/base.py", line 220, in _get_response
    response = response.render()
  File "/media/allano/53CE082D539E52ED/_pD_BE/booking_app_BE/venv/lib/python3.10/site-packages/django/template/response.py", line 114, in render
    self.content = self.rendered_content
  File "/media/allano/53CE082D539E52ED/_pD_BE/booking_app_BE/venv/lib/python3.10/site-packages/rest_framework/response.py", line 74, in rendered_content
    ret = renderer.render(self.data, accepted_media_type, context)
  File "/media/allano/53CE082D539E52ED/_pD_BE/booking_app_BE/venv/lib/python3.10/site-packages/rest_framework/renderers.py", line 731, in render
    context = self.get_context(data, accepted_media_type, renderer_context)
  File "/media/allano/53CE082D539E52ED/_pD_BE/booking_app_BE/venv/lib/python3.10/site-packages/rest_framework/renderers.py", line 709, in get_context
    'filter_form': self.get_filter_form(data, view, request),
  File "/media/allano/53CE082D539E52ED/_pD_BE/booking_app_BE/venv/lib/python3.10/site-packages/rest_framework/renderers.py", line 641, in get_filter_form
    html = backend().to_html(request, queryset, view)
  File "/media/allano/53CE082D539E52ED/_pD_BE/booking_app_BE/venv/lib/python3.10/site-packages/django_filters/rest_framework/backends.py", line 79, in to_html
    template = loader.get_template(self.template)
  File "/media/allano/53CE082D539E52ED/_pD_BE/booking_app_BE/venv/lib/python3.10/site-packages/django/template/loader.py", line 19, in get_template
    raise TemplateDoesNotExist(template_name, chain=chain)
django.template.exceptions.TemplateDoesNotExist: django_filters/rest_framework/form.html
ERROR 2025-07-27 00:00:56,993 basehttp "GET /api/property_listings/ HTTP/1.1" 500 135535
ERROR 2025-07-27 00:01:00,269 log Internal Server Error: /api/property_listings/
Traceback (most recent call last):
  File "/media/allano/53CE082D539E52ED/_pD_BE/booking_app_BE/venv/lib/python3.10/site-packages/django/core/handlers/exception.py", line 55, in inner
    response = get_response(request)
  File "/media/allano/53CE082D539E52ED/_pD_BE/booking_app_BE/venv/lib/python3.10/site-packages/django/core/handlers/base.py", line 220, in _get_response
    response = response.render()
  File "/media/allano/53CE082D539E52ED/_pD_BE/booking_app_BE/venv/lib/python3.10/site-packages/django/template/response.py", line 114, in render
    self.content = self.rendered_content
  File "/media/allano/53CE082D539E52ED/_pD_BE/booking_app_BE/venv/lib/python3.10/site-packages/rest_framework/response.py", line 74, in rendered_content
    ret = renderer.render(self.data, accepted_media_type, context)
  File "/media/allano/53CE082D539E52ED/_pD_BE/booking_app_BE/venv/lib/python3.10/site-packages/rest_framework/renderers.py", line 731, in render
    context = self.get_context(data, accepted_media_type, renderer_context)
  File "/media/allano/53CE082D539E52ED/_pD_BE/booking_app_BE/venv/lib/python3.10/site-packages/rest_framework/renderers.py", line 709, in get_context
    'filter_form': self.get_filter_form(data, view, request),
  File "/media/allano/53CE082D539E52ED/_pD_BE/booking_app_BE/venv/lib/python3.10/site-packages/rest_framework/renderers.py", line 641, in get_filter_form
    html = backend().to_html(request, queryset, view)
  File "/media/allano/53CE082D539E52ED/_pD_BE/booking_app_BE/venv/lib/python3.10/site-packages/django_filters/rest_framework/backends.py", line 79, in to_html
    template = loader.get_template(self.template)
  File "/media/allano/53CE082D539E52ED/_pD_BE/booking_app_BE/venv/lib/python3.10/site-packages/django/template/loader.py", line 19, in get_template
    raise TemplateDoesNotExist(template_name, chain=chain)
django.template.exceptions.TemplateDoesNotExist: django_filters/rest_framework/form.html
ERROR 2025-07-27 00:01:00,269 log Internal Server Error: /api/property_listings/
Traceback (most recent call last):
  File "/media/allano/53CE082D539E52ED/_pD_BE/booking_app_BE/venv/lib/python3.10/site-packages/django/core/handlers/exception.py", line 55, in inner
    response = get_response(request)
  File "/media/allano/53CE082D539E52ED/_pD_BE/booking_app_BE/venv/lib/python3.10/site-packages/django/core/handlers/base.py", line 220, in _get_response
    response = response.render()
  File "/media/allano/53CE082D539E52ED/_pD_BE/booking_app_BE/venv/lib/python3.10/site-packages/django/template/response.py", line 114, in render
    self.content = self.rendered_content
  File "/media/allano/53CE082D539E52ED/_pD_BE/booking_app_BE/venv/lib/python3.10/site-packages/rest_framework/response.py", line 74, in rendered_content
    ret = renderer.render(self.data, accepted_media_type, context)
  File "/media/allano/53CE082D539E52ED/_pD_BE/booking_app_BE/venv/lib/python3.10/site-packages/rest_framework/renderers.py", line 731, in render
    context = self.get_context(data, accepted_media_type, renderer_context)
  File "/media/allano/53CE082D539E52ED/_pD_BE/booking_app_BE/venv/lib/python3.10/site-packages/rest_framework/renderers.py", line 709, in get_context
    'filter_form': self.get_filter_form(data, view, request),
  File "/media/allano/53CE082D539E52ED/_pD_BE/booking_app_BE/venv/lib/python3.10/site-packages/rest_framework/renderers.py", line 641, in get_filter_form
    html = backend().to_html(request, queryset, view)
  File "/media/allano/53CE082D539E52ED/_pD_BE/booking_app_BE/venv/lib/python3.10/site-packages/django_filters/rest_framework/backends.py", line 79, in to_html
    template = loader.get_template(self.template)
  File "/media/allano/53CE082D539E52ED/_pD_BE/booking_app_BE/venv/lib/python3.10/site-packages/django/template/loader.py", line 19, in get_template
    raise TemplateDoesNotExist(template_name, chain=chain)
django.template.exceptions.TemplateDoesNotExist: django_filters/rest_framework/form.html
ERROR 2025-07-27 00:01:00,277 basehttp "GET /api/property_listings/ HTTP/1.1" 500 135535
ERROR 2025-07-27 00:01:05,291 log Internal Server Error: /api/property_listings/
Traceback (most recent call last):
  File "/media/allano/53CE082D539E52ED/_pD_BE/booking_app_BE/venv/lib/python3.10/site-packages/django/core/handlers/exception.py", line 55, in inner
    response = get_response(request)
  File "/media/allano/53CE082D539E52ED/_pD_BE/booking_app_BE/venv/lib/python3.10/site-packages/django/core/handlers/base.py", line 220, in _get_response
    response = response.render()
  File "/media/allano/53CE082D539E52ED/_pD_BE/booking_app_BE/venv/lib/python3.10/site-packages/django/template/response.py", line 114, in render
    self.content = self.rendered_content
  File "/media/allano/53CE082D539E52ED/_pD_BE/booking_app_BE/venv/lib/python3.10/site-packages/rest_framework/response.py", line 74, in rendered_content
    ret = renderer.render(self.data, accepted_media_type, context)
  File "/media/allano/53CE082D539E52ED/_pD_BE/booking_app_BE/venv/lib/python3.10/site-packages/rest_framework/renderers.py", line 731, in render
    context = self.get_context(data, accepted_media_type, renderer_context)
  File "/media/allano/53CE082D539E52ED/_pD_BE/booking_app_BE/venv/lib/python3.10/site-packages/rest_framework/renderers.py", line 709, in get_context
    'filter_form': self.get_filter_form(data, view, request),
  File "/media/allano/53CE082D539E52ED/_pD_BE/booking_app_BE/venv/lib/python3.10/site-packages/rest_framework/renderers.py", line 641, in get_filter_form
    html = backend().to_html(request, queryset, view)
  File "/media/allano/53CE082D539E52ED/_pD_BE/booking_app_BE/venv/lib/python3.10/site-packages/django_filters/rest_framework/backends.py", line 79, in to_html
    template = loader.get_template(self.template)
  File "/media/allano/53CE082D539E52ED/_pD_BE/booking_app_BE/venv/lib/python3.10/site-packages/django/template/loader.py", line 19, in get_template
    raise TemplateDoesNotExist(template_name, chain=chain)
django.template.exceptions.TemplateDoesNotExist: django_filters/rest_framework/form.html
ERROR 2025-07-27 00:01:05,291 log Internal Server Error: /api/property_listings/
Traceback (most recent call last):
  File "/media/allano/53CE082D539E52ED/_pD_BE/booking_app_BE/venv/lib/python3.10/site-packages/django/core/handlers/exception.py", line 55, in inner
    response = get_response(request)
  File "/media/allano/53CE082D539E52ED/_pD_BE/booking_app_BE/venv/lib/python3.10/site-packages/django/core/handlers/base.py", line 220, in _get_response
    response = response.render()
  File "/media/allano/53CE082D539E52ED/_pD_BE/booking_app_BE/venv/lib/python3.10/site-packages/django/template/response.py", line 114, in render
    self.content = self.rendered_content
  File "/media/allano/53CE082D539E52ED/_pD_BE/booking_app_BE/venv/lib/python3.10/site-packages/rest_framework/response.py", line 74, in rendered_content
    ret = renderer.render(self.data, accepted_media_type, context)
  File "/media/allano/53CE082D539E52ED/_pD_BE/booking_app_BE/venv/lib/python3.10/site-packages/rest_framework/renderers.py", line 731, in render
    context = self.get_context(data, accepted_media_type, renderer_context)
  File "/media/allano/53CE082D539E52ED/_pD_BE/booking_app_BE/venv/lib/python3.10/site-packages/rest_framework/renderers.py", line 709, in get_context
    'filter_form': self.get_filter_form(data, view, request),
  File "/media/allano/53CE082D539E52ED/_pD_BE/booking_app_BE/venv/lib/python3.10/site-packages/rest_framework/renderers.py", line 641, in get_filter_form
    html = backend().to_html(request, queryset, view)
  File "/media/allano/53CE082D539E52ED/_pD_BE/booking_app_BE/venv/lib/python3.10/site-packages/django_filters/rest_framework/backends.py", line 79, in to_html
    template = loader.get_template(self.template)
  File "/media/allano/53CE082D539E52ED/_pD_BE/booking_app_BE/venv/lib/python3.10/site-packages/django/template/loader.py", line 19, in get_template
    raise TemplateDoesNotExist(template_name, chain=chain)
django.template.exceptions.TemplateDoesNotExist: django_filters/rest_framework/form.html
ERROR 2025-07-27 00:01:05,299 basehttp "GET /api/property_listings/ HTTP/1.1" 500 135398
INFO 2025-07-27 00:03:51,391 autoreload /media/allano/53CE082D539E52ED/_pD_BE/booking_app_BE/booking_app/booking_app/settings.py changed, reloading.
INFO 2025-07-27 00:03:55,495 autoreload Watching for file changes with StatReloader
INFO 2025-07-27 00:04:24,320 autoreload /media/allano/53CE082D539E52ED/_pD_BE/booking_app_BE/booking_app/booking_app/settings.py changed, reloading.
INFO 2025-07-27 00:04:27,569 autoreload Watching for file changes with StatReloader
INFO 2025-07-27 00:04:34,365 basehttp "GET /api/property_listings/ HTTP/1.1" 200 148131
WARNING 2025-07-27 00:05:01,733 log Bad Request: /api/property_listings/
WARNING 2025-07-27 00:05:01,733 log Bad Request: /api/property_listings/
WARNING 2025-07-27 00:05:01,736 basehttp "POST /api/property_listings/ HTTP/1.1" 400 23245
WARNING 2025-07-27 00:06:27,009 log Bad Request: /api/property_listings/
WARNING 2025-07-27 00:06:27,009 log Bad Request: /api/property_listings/
WARNING 2025-07-27 00:06:27,010 basehttp "POST /api/property_listings/ HTTP/1.1" 400 22513
WARNING 2025-07-27 00:07:19,191 log Bad Request: /api/property_listings/
WARNING 2025-07-27 00:07:19,191 log Bad Request: /api/property_listings/
WARNING 2025-07-27 00:07:19,192 basehttp "POST /api/property_listings/ HTTP/1.1" 400 22915
WARNING 2025-07-27 00:07:40,622 log Bad Request: /api/property_listings/
WARNING 2025-07-27 00:07:40,622 log Bad Request: /api/property_listings/
WARNING 2025-07-27 00:07:40,623 basehttp "POST /api/property_listings/ HTTP/1.1" 400 22839
WARNING 2025-07-27 00:08:03,547 log Bad Request: /api/property_listings/
WARNING 2025-07-27 00:08:03,547 log Bad Request: /api/property_listings/
WARNING 2025-07-27 00:08:03,548 basehttp "POST /api/property_listings/ HTTP/1.1" 400 22840
WARNING 2025-07-27 00:08:43,037 log Bad Request: /api/property_listings/
WARNING 2025-07-27 00:08:43,037 log Bad Request: /api/property_listings/
WARNING 2025-07-27 00:08:43,038 basehttp "POST /api/property_listings/ HTTP/1.1" 400 22948
WARNING 2025-07-27 00:09:09,357 log Bad Request: /api/property_listings/
WARNING 2025-07-27 00:09:09,357 log Bad Request: /api/property_listings/
WARNING 2025-07-27 00:09:09,358 basehttp "POST /api/property_listings/ HTTP/1.1" 400 22618
WARNING 2025-07-27 00:11:17,157 log Forbidden: /api/property_listings/
WARNING 2025-07-27 00:11:17,157 log Forbidden: /api/property_listings/
WARNING 2025-07-27 00:11:17,157 basehttp "POST /api/property_listings/ HTTP/1.1" 403 5992
INFO 2025-07-27 00:11:29,228 basehttp "GET /api/property_listings/ HTTP/1.1" 200 148131
INFO 2025-07-27 00:12:23,479 autoreload /media/allano/53CE082D539E52ED/_pD_BE/booking_app_BE/booking_app/listings/views/listing_views.py changed, reloading.
INFO 2025-07-27 00:12:26,710 autoreload Watching for file changes with StatReloader
ERROR 2025-07-27 00:12:33,382 log Internal Server Error: /api/property_listings/
Traceback (most recent call last):
  File "/media/allano/53CE082D539E52ED/_pD_BE/booking_app_BE/venv/lib/python3.10/site-packages/django/core/handlers/exception.py", line 55, in inner
    response = get_response(request)
  File "/media/allano/53CE082D539E52ED/_pD_BE/booking_app_BE/venv/lib/python3.10/site-packages/django/core/handlers/base.py", line 197, in _get_response
    response = wrapped_callback(request, *callback_args, **callback_kwargs)
  File "/media/allano/53CE082D539E52ED/_pD_BE/booking_app_BE/venv/lib/python3.10/site-packages/django/views/decorators/csrf.py", line 65, in _view_wrapper
    return view_func(request, *args, **kwargs)
  File "/media/allano/53CE082D539E52ED/_pD_BE/booking_app_BE/venv/lib/python3.10/site-packages/rest_framework/viewsets.py", line 125, in view
    return self.dispatch(request, *args, **kwargs)
  File "/media/allano/53CE082D539E52ED/_pD_BE/booking_app_BE/venv/lib/python3.10/site-packages/rest_framework/views.py", line 515, in dispatch
    response = self.handle_exception(exc)
  File "/media/allano/53CE082D539E52ED/_pD_BE/booking_app_BE/venv/lib/python3.10/site-packages/rest_framework/views.py", line 475, in handle_exception
    self.raise_uncaught_exception(exc)
  File "/media/allano/53CE082D539E52ED/_pD_BE/booking_app_BE/venv/lib/python3.10/site-packages/rest_framework/views.py", line 486, in raise_uncaught_exception
    raise exc
  File "/media/allano/53CE082D539E52ED/_pD_BE/booking_app_BE/venv/lib/python3.10/site-packages/rest_framework/views.py", line 512, in dispatch
    response = handler(request, *args, **kwargs)
  File "/media/allano/53CE082D539E52ED/_pD_BE/booking_app_BE/venv/lib/python3.10/site-packages/rest_framework/mixins.py", line 40, in list
    page = self.paginate_queryset(queryset)
  File "/media/allano/53CE082D539E52ED/_pD_BE/booking_app_BE/venv/lib/python3.10/site-packages/rest_framework/generics.py", line 173, in paginate_queryset
    if self.paginator is None:
  File "/media/allano/53CE082D539E52ED/_pD_BE/booking_app_BE/venv/lib/python3.10/site-packages/rest_framework/generics.py", line 166, in paginator
    self._paginator = self.pagination_class()
TypeError: 'CustomPagination' object is not callable
ERROR 2025-07-27 00:12:33,382 log Internal Server Error: /api/property_listings/
Traceback (most recent call last):
  File "/media/allano/53CE082D539E52ED/_pD_BE/booking_app_BE/venv/lib/python3.10/site-packages/django/core/handlers/exception.py", line 55, in inner
    response = get_response(request)
  File "/media/allano/53CE082D539E52ED/_pD_BE/booking_app_BE/venv/lib/python3.10/site-packages/django/core/handlers/base.py", line 197, in _get_response
    response = wrapped_callback(request, *callback_args, **callback_kwargs)
  File "/media/allano/53CE082D539E52ED/_pD_BE/booking_app_BE/venv/lib/python3.10/site-packages/django/views/decorators/csrf.py", line 65, in _view_wrapper
    return view_func(request, *args, **kwargs)
  File "/media/allano/53CE082D539E52ED/_pD_BE/booking_app_BE/venv/lib/python3.10/site-packages/rest_framework/viewsets.py", line 125, in view
    return self.dispatch(request, *args, **kwargs)
  File "/media/allano/53CE082D539E52ED/_pD_BE/booking_app_BE/venv/lib/python3.10/site-packages/rest_framework/views.py", line 515, in dispatch
    response = self.handle_exception(exc)
  File "/media/allano/53CE082D539E52ED/_pD_BE/booking_app_BE/venv/lib/python3.10/site-packages/rest_framework/views.py", line 475, in handle_exception
    self.raise_uncaught_exception(exc)
  File "/media/allano/53CE082D539E52ED/_pD_BE/booking_app_BE/venv/lib/python3.10/site-packages/rest_framework/views.py", line 486, in raise_uncaught_exception
    raise exc
  File "/media/allano/53CE082D539E52ED/_pD_BE/booking_app_BE/venv/lib/python3.10/site-packages/rest_framework/views.py", line 512, in dispatch
    response = handler(request, *args, **kwargs)
  File "/media/allano/53CE082D539E52ED/_pD_BE/booking_app_BE/venv/lib/python3.10/site-packages/rest_framework/mixins.py", line 40, in list
    page = self.paginate_queryset(queryset)
  File "/media/allano/53CE082D539E52ED/_pD_BE/booking_app_BE/venv/lib/python3.10/site-packages/rest_framework/generics.py", line 173, in paginate_queryset
    if self.paginator is None:
  File "/media/allano/53CE082D539E52ED/_pD_BE/booking_app_BE/venv/lib/python3.10/site-packages/rest_framework/generics.py", line 166, in paginator
    self._paginator = self.pagination_class()
TypeError: 'CustomPagination' object is not callable
ERROR 2025-07-27 00:12:33,400 basehttp "GET /api/property_listings/ HTTP/1.1" 500 118360
INFO 2025-07-27 00:12:43,412 autoreload /media/allano/53CE082D539E52ED/_pD_BE/booking_app_BE/booking_app/listings/views/listing_views.py changed, reloading.
INFO 2025-07-27 00:12:47,975 autoreload Watching for file changes with StatReloader
INFO 2025-07-27 00:12:51,730 basehttp "GET /api/property_listings/ HTTP/1.1" 200 148131
INFO 2025-07-27 00:13:00,285 basehttp "GET /api/property_listings/?page=2 HTTP/1.1" 200 148829
ERROR 2025-07-27 00:13:14,939 log Internal Server Error: /api/property_listings/
Traceback (most recent call last):
  File "/media/allano/53CE082D539E52ED/_pD_BE/booking_app_BE/venv/lib/python3.10/site-packages/django/core/paginator.py", line 65, in validate_number
    number = int(number)
ValueError: invalid literal for int() with base 10: '2/440f9ad5-ba10-4a09-a91d-a62a075c4f57/'

During handling of the above exception, another exception occurred:

Traceback (most recent call last):
  File "/media/allano/53CE082D539E52ED/_pD_BE/booking_app_BE/booking_app/common/utils.py", line 36, in paginate_queryset
    self.page = self.paginator.page(page_number)
  File "/media/allano/53CE082D539E52ED/_pD_BE/booking_app_BE/venv/lib/python3.10/site-packages/django/core/paginator.py", line 89, in page
    number = self.validate_number(number)
  File "/media/allano/53CE082D539E52ED/_pD_BE/booking_app_BE/venv/lib/python3.10/site-packages/django/core/paginator.py", line 67, in validate_number
    raise PageNotAnInteger(self.error_messages["invalid_page"])
django.core.paginator.PageNotAnInteger: That page number is not an integer

During handling of the above exception, another exception occurred:

Traceback (most recent call last):
  File "/media/allano/53CE082D539E52ED/_pD_BE/booking_app_BE/venv/lib/python3.10/site-packages/django/core/handlers/exception.py", line 55, in inner
    response = get_response(request)
  File "/media/allano/53CE082D539E52ED/_pD_BE/booking_app_BE/venv/lib/python3.10/site-packages/django/core/handlers/base.py", line 197, in _get_response
    response = wrapped_callback(request, *callback_args, **callback_kwargs)
  File "/media/allano/53CE082D539E52ED/_pD_BE/booking_app_BE/venv/lib/python3.10/site-packages/django/views/decorators/csrf.py", line 65, in _view_wrapper
    return view_func(request, *args, **kwargs)
  File "/media/allano/53CE082D539E52ED/_pD_BE/booking_app_BE/venv/lib/python3.10/site-packages/rest_framework/viewsets.py", line 125, in view
    return self.dispatch(request, *args, **kwargs)
  File "/media/allano/53CE082D539E52ED/_pD_BE/booking_app_BE/venv/lib/python3.10/site-packages/rest_framework/views.py", line 515, in dispatch
    response = self.handle_exception(exc)
  File "/media/allano/53CE082D539E52ED/_pD_BE/booking_app_BE/venv/lib/python3.10/site-packages/rest_framework/views.py", line 475, in handle_exception
    self.raise_uncaught_exception(exc)
  File "/media/allano/53CE082D539E52ED/_pD_BE/booking_app_BE/venv/lib/python3.10/site-packages/rest_framework/views.py", line 486, in raise_uncaught_exception
    raise exc
  File "/media/allano/53CE082D539E52ED/_pD_BE/booking_app_BE/venv/lib/python3.10/site-packages/rest_framework/views.py", line 512, in dispatch
    response = handler(request, *args, **kwargs)
  File "/media/allano/53CE082D539E52ED/_pD_BE/booking_app_BE/venv/lib/python3.10/site-packages/rest_framework/mixins.py", line 40, in list
    page = self.paginate_queryset(queryset)
  File "/media/allano/53CE082D539E52ED/_pD_BE/booking_app_BE/venv/lib/python3.10/site-packages/rest_framework/generics.py", line 175, in paginate_queryset
    return self.paginator.paginate_queryset(queryset, self.request, view=self)
  File "/media/allano/53CE082D539E52ED/_pD_BE/booking_app_BE/booking_app/common/utils.py", line 38, in paginate_queryset
    raise ValueError(f"Invalid page: {e}")
ValueError: Invalid page: That page number is not an integer
ERROR 2025-07-27 00:13:14,939 log Internal Server Error: /api/property_listings/
Traceback (most recent call last):
  File "/media/allano/53CE082D539E52ED/_pD_BE/booking_app_BE/venv/lib/python3.10/site-packages/django/core/paginator.py", line 65, in validate_number
    number = int(number)
ValueError: invalid literal for int() with base 10: '2/440f9ad5-ba10-4a09-a91d-a62a075c4f57/'

During handling of the above exception, another exception occurred:

Traceback (most recent call last):
  File "/media/allano/53CE082D539E52ED/_pD_BE/booking_app_BE/booking_app/common/utils.py", line 36, in paginate_queryset
    self.page = self.paginator.page(page_number)
  File "/media/allano/53CE082D539E52ED/_pD_BE/booking_app_BE/venv/lib/python3.10/site-packages/django/core/paginator.py", line 89, in page
    number = self.validate_number(number)
  File "/media/allano/53CE082D539E52ED/_pD_BE/booking_app_BE/venv/lib/python3.10/site-packages/django/core/paginator.py", line 67, in validate_number
    raise PageNotAnInteger(self.error_messages["invalid_page"])
django.core.paginator.PageNotAnInteger: That page number is not an integer

During handling of the above exception, another exception occurred:

Traceback (most recent call last):
  File "/media/allano/53CE082D539E52ED/_pD_BE/booking_app_BE/venv/lib/python3.10/site-packages/django/core/handlers/exception.py", line 55, in inner
    response = get_response(request)
  File "/media/allano/53CE082D539E52ED/_pD_BE/booking_app_BE/venv/lib/python3.10/site-packages/django/core/handlers/base.py", line 197, in _get_response
    response = wrapped_callback(request, *callback_args, **callback_kwargs)
  File "/media/allano/53CE082D539E52ED/_pD_BE/booking_app_BE/venv/lib/python3.10/site-packages/django/views/decorators/csrf.py", line 65, in _view_wrapper
    return view_func(request, *args, **kwargs)
  File "/media/allano/53CE082D539E52ED/_pD_BE/booking_app_BE/venv/lib/python3.10/site-packages/rest_framework/viewsets.py", line 125, in view
    return self.dispatch(request, *args, **kwargs)
  File "/media/allano/53CE082D539E52ED/_pD_BE/booking_app_BE/venv/lib/python3.10/site-packages/rest_framework/views.py", line 515, in dispatch
    response = self.handle_exception(exc)
  File "/media/allano/53CE082D539E52ED/_pD_BE/booking_app_BE/venv/lib/python3.10/site-packages/rest_framework/views.py", line 475, in handle_exception
    self.raise_uncaught_exception(exc)
  File "/media/allano/53CE082D539E52ED/_pD_BE/booking_app_BE/venv/lib/python3.10/site-packages/rest_framework/views.py", line 486, in raise_uncaught_exception
    raise exc
  File "/media/allano/53CE082D539E52ED/_pD_BE/booking_app_BE/venv/lib/python3.10/site-packages/rest_framework/views.py", line 512, in dispatch
    response = handler(request, *args, **kwargs)
  File "/media/allano/53CE082D539E52ED/_pD_BE/booking_app_BE/venv/lib/python3.10/site-packages/rest_framework/mixins.py", line 40, in list
    page = self.paginate_queryset(queryset)
  File "/media/allano/53CE082D539E52ED/_pD_BE/booking_app_BE/venv/lib/python3.10/site-packages/rest_framework/generics.py", line 175, in paginate_queryset
    return self.paginator.paginate_queryset(queryset, self.request, view=self)
  File "/media/allano/53CE082D539E52ED/_pD_BE/booking_app_BE/booking_app/common/utils.py", line 38, in paginate_queryset
    raise ValueError(f"Invalid page: {e}")
ValueError: Invalid page: That page number is not an integer
ERROR 2025-07-27 00:13:14,965 basehttp "GET /api/property_listings/?page=2/440f9ad5-ba10-4a09-a91d-a62a075c4f57/ HTTP/1.1" 500 140078
INFO 2025-07-27 00:13:23,650 basehttp "GET /api/property_listings/440f9ad5-ba10-4a09-a91d-a62a075c4f57/ HTTP/1.1" 200 10267
WARNING 2025-07-27 00:13:30,977 log Not Found: /media/profiles/default.png
WARNING 2025-07-27 00:13:30,977 log Not Found: /media/profiles/default.png
WARNING 2025-07-27 00:13:30,980 basehttp "GET /media/profiles/default.png HTTP/1.1" 404 4625
INFO 2025-07-27 00:13:44,963 basehttp "GET /api/property_listings/ HTTP/1.1" 200 148131
INFO 2025-07-27 00:14:02,436 basehttp "GET /api/property_listings/?name=Spacious HTTP/1.1" 200 93143
INFO 2025-07-27 00:14:23,432 basehttp "GET /api/property_listings/?pool=True HTTP/1.1" 200 149560
INFO 2025-07-27 00:15:14,115 basehttp "GET /api/property_listings/?search= HTTP/1.1" 200 148315
INFO 2025-07-27 00:15:30,788 basehttp "GET /api/property_listings/?name=room&address=&city=&country=&price_per_night_gte=&price_per_night_lte=&capacity_gte=&capacity_lte=&bedrooms_gte=&bedrooms_lte=&bathrooms_gte=&bathrooms_lte=&created_at_gte=&created_at_lte=&average_review_score_gte=&average_review_score_lte=&review_count_gte=&review_count_lte=&star_rating=&property_type=&sustainability_certified=unknown&is_beachfront=unknown&is_entire_place=unknown&pets_allowed=unknown&adults_only=unknown&cancellation_policy=&wifi=unknown&pool=unknown&parking=unknown&air_conditioning=unknown&restaurant=unknown&spa=unknown&fitness_center=unknown&sea_view=unknown&private_bathroom=unknown&kitchen=unknown&wheelchair_accessible=unknown&toilet_with_grab_rails=unknown&beach=unknown&golf_course=unknown HTTP/1.1" 200 50180
INFO 2025-07-27 00:15:44,710 basehttp "GET /api/property_listings/?name=&address=&city=Nairobi&country=&price_per_night_gte=&price_per_night_lte=&capacity_gte=&capacity_lte=&bedrooms_gte=&bedrooms_lte=&bathrooms_gte=&bathrooms_lte=&created_at_gte=&created_at_lte=&average_review_score_gte=&average_review_score_lte=&review_count_gte=&review_count_lte=&star_rating=&property_type=&sustainability_certified=unknown&is_beachfront=unknown&is_entire_place=unknown&pets_allowed=unknown&adults_only=unknown&cancellation_policy=&wifi=unknown&pool=unknown&parking=unknown&air_conditioning=unknown&restaurant=unknown&spa=unknown&fitness_center=unknown&sea_view=unknown&private_bathroom=unknown&kitchen=unknown&wheelchair_accessible=unknown&toilet_with_grab_rails=unknown&beach=unknown&golf_course=unknown HTTP/1.1" 200 50228
INFO 2025-07-27 00:15:56,777 basehttp "GET /api/property_listings/?name=&address=&city=Nairobi&country=&price_per_night_gte=700&price_per_night_lte=&capacity_gte=&capacity_lte=&bedrooms_gte=&bedrooms_lte=&bathrooms_gte=&bathrooms_lte=&created_at_gte=&created_at_lte=&average_review_score_gte=&average_review_score_lte=&review_count_gte=&review_count_lte=&star_rating=&property_type=&sustainability_certified=unknown&is_beachfront=unknown&is_entire_place=unknown&pets_allowed=unknown&adults_only=unknown&cancellation_policy=&wifi=unknown&pool=unknown&parking=unknown&air_conditioning=unknown&restaurant=unknown&spa=unknown&fitness_center=unknown&sea_view=unknown&private_bathroom=unknown&kitchen=unknown&wheelchair_accessible=unknown&toilet_with_grab_rails=unknown&beach=unknown&golf_course=unknown HTTP/1.1" 200 50285
INFO 2025-07-27 00:16:05,099 basehttp "GET /api/property_listings/?name=&address=100&city=Nairobi&country=&price_per_night_gte=700&price_per_night_lte=&capacity_gte=&capacity_lte=&bedrooms_gte=&bedrooms_lte=&bathrooms_gte=&bathrooms_lte=&created_at_gte=&created_at_lte=&average_review_score_gte=&average_review_score_lte=&review_count_gte=&review_count_lte=&star_rating=&property_type=&sustainability_certified=unknown&is_beachfront=unknown&is_entire_place=unknown&pets_allowed=unknown&adults_only=unknown&cancellation_policy=&wifi=unknown&pool=unknown&parking=unknown&air_conditioning=unknown&restaurant=unknown&spa=unknown&fitness_center=unknown&sea_view=unknown&private_bathroom=unknown&kitchen=unknown&wheelchair_accessible=unknown&toilet_with_grab_rails=unknown&beach=unknown&golf_course=unknown HTTP/1.1" 200 50342
INFO 2025-07-27 00:16:17,133 basehttp "GET /api/property_listings/?name=&address=&city=&country=&price_per_night_gte=700&price_per_night_lte=&capacity_gte=&capacity_lte=&bedrooms_gte=&bedrooms_lte=&bathrooms_gte=&bathrooms_lte=&created_at_gte=&created_at_lte=&average_review_score_gte=&average_review_score_lte=&review_count_gte=&review_count_lte=&star_rating=&property_type=&sustainability_certified=unknown&is_beachfront=unknown&is_entire_place=unknown&pets_allowed=unknown&adults_only=unknown&cancellation_policy=&wifi=unknown&pool=unknown&parking=unknown&air_conditioning=unknown&restaurant=unknown&spa=unknown&fitness_center=unknown&sea_view=unknown&private_bathroom=unknown&kitchen=unknown&wheelchair_accessible=unknown&toilet_with_grab_rails=unknown&beach=unknown&golf_course=unknown HTTP/1.1" 200 50164
INFO 2025-07-27 00:16:24,783 basehttp "GET /api/property_listings/?name=&address=&city=&country=&price_per_night_gte=700&price_per_night_lte=&capacity_gte=&capacity_lte=&bedrooms_gte=&bedrooms_lte=&bathrooms_gte=&bathrooms_lte=&created_at_gte=&created_at_lte=&average_review_score_gte=&average_review_score_lte=&review_count_gte=&review_count_lte=&star_rating=&property_type=&sustainability_certified=unknown&is_beachfront=unknown&is_entire_place=unknown&pets_allowed=unknown&adults_only=unknown&cancellation_policy=&wifi=unknown&pool=unknown&parking=unknown&air_conditioning=unknown&restaurant=unknown&spa=unknown&fitness_center=unknown&sea_view=unknown&private_bathroom=unknown&kitchen=unknown&wheelchair_accessible=unknown&toilet_with_grab_rails=unknown&beach=unknown&golf_course=unknown HTTP/1.1" 200 50164
INFO 2025-07-27 00:16:44,361 basehttp "GET /api/property_listings/?name=&address=&city=&country=&price_per_night_gte=100&price_per_night_lte=&capacity_gte=&capacity_lte=&bedrooms_gte=&bedrooms_lte=&bathrooms_gte=&bathrooms_lte=&created_at_gte=&created_at_lte=&average_review_score_gte=&average_review_score_lte=&review_count_gte=&review_count_lte=&star_rating=&property_type=&sustainability_certified=unknown&is_beachfront=unknown&is_entire_place=unknown&pets_allowed=unknown&adults_only=unknown&cancellation_policy=&wifi=unknown&pool=unknown&parking=unknown&air_conditioning=unknown&restaurant=unknown&spa=unknown&fitness_center=unknown&sea_view=unknown&private_bathroom=unknown&kitchen=unknown&wheelchair_accessible=unknown&toilet_with_grab_rails=unknown&beach=unknown&golf_course=unknown HTTP/1.1" 200 163169
INFO 2025-07-27 00:16:53,730 basehttp "GET /api/property_listings/?name=&address=&city=&country=&price_per_night_gte=150&price_per_night_lte=&capacity_gte=&capacity_lte=&bedrooms_gte=&bedrooms_lte=&bathrooms_gte=&bathrooms_lte=&created_at_gte=&created_at_lte=&average_review_score_gte=&average_review_score_lte=&review_count_gte=&review_count_lte=&star_rating=&property_type=&sustainability_certified=unknown&is_beachfront=unknown&is_entire_place=unknown&pets_allowed=unknown&adults_only=unknown&cancellation_policy=&wifi=unknown&pool=unknown&parking=unknown&air_conditioning=unknown&restaurant=unknown&spa=unknown&fitness_center=unknown&sea_view=unknown&private_bathroom=unknown&kitchen=unknown&wheelchair_accessible=unknown&toilet_with_grab_rails=unknown&beach=unknown&golf_course=unknown HTTP/1.1" 200 163797
INFO 2025-07-27 00:17:03,139 basehttp "GET /api/property_listings/?name=&address=&city=&country=&price_per_night_gte=400&price_per_night_lte=&capacity_gte=&capacity_lte=&bedrooms_gte=&bedrooms_lte=&bathrooms_gte=&bathrooms_lte=&created_at_gte=&created_at_lte=&average_review_score_gte=&average_review_score_lte=&review_count_gte=&review_count_lte=&star_rating=&property_type=&sustainability_certified=unknown&is_beachfront=unknown&is_entire_place=unknown&pets_allowed=unknown&adults_only=unknown&cancellation_policy=&wifi=unknown&pool=unknown&parking=unknown&air_conditioning=unknown&restaurant=unknown&spa=unknown&fitness_center=unknown&sea_view=unknown&private_bathroom=unknown&kitchen=unknown&wheelchair_accessible=unknown&toilet_with_grab_rails=unknown&beach=unknown&golf_course=unknown HTTP/1.1" 200 93822
INFO 2025-07-27 00:17:10,476 basehttp "GET /api/property_listings/?name=&address=&city=&country=&price_per_night_gte=600&price_per_night_lte=&capacity_gte=&capacity_lte=&bedrooms_gte=&bedrooms_lte=&bathrooms_gte=&bathrooms_lte=&created_at_gte=&created_at_lte=&average_review_score_gte=&average_review_score_lte=&review_count_gte=&review_count_lte=&star_rating=&property_type=&sustainability_certified=unknown&is_beachfront=unknown&is_entire_place=unknown&pets_allowed=unknown&adults_only=unknown&cancellation_policy=&wifi=unknown&pool=unknown&parking=unknown&air_conditioning=unknown&restaurant=unknown&spa=unknown&fitness_center=unknown&sea_view=unknown&private_bathroom=unknown&kitchen=unknown&wheelchair_accessible=unknown&toilet_with_grab_rails=unknown&beach=unknown&golf_course=unknown HTTP/1.1" 200 50164
INFO 2025-07-27 00:17:19,961 basehttp "GET /api/property_listings/?name=&address=&city=&country=&price_per_night_gte=450&price_per_night_lte=&capacity_gte=&capacity_lte=&bedrooms_gte=&bedrooms_lte=&bathrooms_gte=&bathrooms_lte=&created_at_gte=&created_at_lte=&average_review_score_gte=&average_review_score_lte=&review_count_gte=&review_count_lte=&star_rating=&property_type=&sustainability_certified=unknown&is_beachfront=unknown&is_entire_place=unknown&pets_allowed=unknown&adults_only=unknown&cancellation_policy=&wifi=unknown&pool=unknown&parking=unknown&air_conditioning=unknown&restaurant=unknown&spa=unknown&fitness_center=unknown&sea_view=unknown&private_bathroom=unknown&kitchen=unknown&wheelchair_accessible=unknown&toilet_with_grab_rails=unknown&beach=unknown&golf_course=unknown HTTP/1.1" 200 55577
INFO 2025-07-27 00:17:40,983 basehttp "GET /api/property_listings/?_type=&sustainability_certified=unknown&is_beachfront=unknown&is_entire_place=unknown&pets_allowed=unknown&adults_only=unknown&cancellation_policy=&wifi=unknown&pool=unknown&parking=unknown&air_conditioning=unknown&restaurant=unknown&spa=unknown&fitness_center=unknown&sea_view=unknown&private_bathroom=unknown&kitchen=unknown&wheelchair_accessible=unknown&toilet_with_grab_rails=unknown&beach=unknown&golf_course=unknown HTTP/1.1" 200 156713
INFO 2025-07-27 00:17:52,111 basehttp "GET /api/property_listings/ HTTP/1.1" 200 148131
INFO 2025-07-27 00:17:57,063 basehttp "GET /api/property_listings/?page=2 HTTP/1.1" 200 148829
INFO 2025-07-27 00:18:10,609 basehttp "GET /api/property_listings/440f9ad5-ba10-4a09-a91d-a62a075c4f57/ HTTP/1.1" 200 10267
INFO 2025-07-27 00:23:21,732 basehttp "GET /api/property_listings/440f9ad5-ba10-4a09-a91d-a62a075c4f57/bookings/ HTTP/1.1" 200 25759
INFO 2025-07-27 00:27:52,486 autoreload /media/allano/53CE082D539E52ED/_pD_BE/booking_app_BE/booking_app/listings/urls.py changed, reloading.
INFO 2025-07-27 00:27:56,507 autoreload Watching for file changes with StatReloader
INFO 2025-07-27 00:28:20,623 autoreload /media/allano/53CE082D539E52ED/_pD_BE/booking_app_BE/booking_app/listings/urls.py changed, reloading.
INFO 2025-07-27 00:28:25,315 autoreload Watching for file changes with StatReloader
WARNING 2025-07-27 00:28:28,713 log Not Found: /api/property_listings/440f9ad5-ba10-4a09-a91d-a62a075c4f57/bookings/
WARNING 2025-07-27 00:28:28,713 log Not Found: /api/property_listings/440f9ad5-ba10-4a09-a91d-a62a075c4f57/bookings/
WARNING 2025-07-27 00:28:28,716 basehttp "GET /api/property_listings/440f9ad5-ba10-4a09-a91d-a62a075c4f57/bookings/ HTTP/1.1" 404 16752
WARNING 2025-07-27 00:28:33,962 log Not Found: /api/property_listings/440f9ad5-ba10-4a09-a91d-a62a075c4f57/bookings/
WARNING 2025-07-27 00:28:33,962 log Not Found: /api/property_listings/440f9ad5-ba10-4a09-a91d-a62a075c4f57/bookings/
WARNING 2025-07-27 00:28:33,965 basehttp "GET /api/property_listings/440f9ad5-ba10-4a09-a91d-a62a075c4f57/bookings/ HTTP/1.1" 404 16752
WARNING 2025-07-27 00:28:36,449 log Not Found: /api/property_listings/440f9ad5-ba10-4a09-a91d-a62a075c4f57/bookings/
WARNING 2025-07-27 00:28:36,449 log Not Found: /api/property_listings/440f9ad5-ba10-4a09-a91d-a62a075c4f57/bookings/
WARNING 2025-07-27 00:28:36,452 basehttp "GET /api/property_listings/440f9ad5-ba10-4a09-a91d-a62a075c4f57/bookings/ HTTP/1.1" 404 16752
WARNING 2025-07-27 00:28:37,707 log Not Found: /api/property_listings/440f9ad5-ba10-4a09-a91d-a62a075c4f57/bookings/
WARNING 2025-07-27 00:28:37,707 log Not Found: /api/property_listings/440f9ad5-ba10-4a09-a91d-a62a075c4f57/bookings/
WARNING 2025-07-27 00:28:37,710 basehttp "GET /api/property_listings/440f9ad5-ba10-4a09-a91d-a62a075c4f57/bookings/ HTTP/1.1" 404 16752
WARNING 2025-07-27 00:28:38,564 log Not Found: /api/property_listings/440f9ad5-ba10-4a09-a91d-a62a075c4f57/bookings/
WARNING 2025-07-27 00:28:38,564 log Not Found: /api/property_listings/440f9ad5-ba10-4a09-a91d-a62a075c4f57/bookings/
WARNING 2025-07-27 00:28:38,565 basehttp "GET /api/property_listings/440f9ad5-ba10-4a09-a91d-a62a075c4f57/bookings/ HTTP/1.1" 404 16752
WARNING 2025-07-27 00:28:38,847 log Not Found: /api/property_listings/440f9ad5-ba10-4a09-a91d-a62a075c4f57/bookings/
WARNING 2025-07-27 00:28:38,847 log Not Found: /api/property_listings/440f9ad5-ba10-4a09-a91d-a62a075c4f57/bookings/
WARNING 2025-07-27 00:28:38,848 basehttp "GET /api/property_listings/440f9ad5-ba10-4a09-a91d-a62a075c4f57/bookings/ HTTP/1.1" 404 16752
WARNING 2025-07-27 00:28:40,118 log Not Found: /api/property_listings/440f9ad5-ba10-4a09-a91d-a62a075c4f57/bookings/
WARNING 2025-07-27 00:28:40,118 log Not Found: /api/property_listings/440f9ad5-ba10-4a09-a91d-a62a075c4f57/bookings/
WARNING 2025-07-27 00:28:40,121 basehttp "GET /api/property_listings/440f9ad5-ba10-4a09-a91d-a62a075c4f57/bookings/ HTTP/1.1" 404 16752
INFO 2025-07-27 00:28:44,800 basehttp "GET /api/property_listings/440f9ad5-ba10-4a09-a91d-a62a075c4f57/ HTTP/1.1" 200 10267
INFO 2025-07-27 00:29:39,650 basehttp "GET /api/property_listings/ HTTP/1.1" 200 148131
WARNING 2025-07-27 00:29:46,355 log Not Found: /api/bookings/440f9ad5-ba10-4a09-a91d-a62a075c4f57/
WARNING 2025-07-27 00:29:46,355 log Not Found: /api/bookings/440f9ad5-ba10-4a09-a91d-a62a075c4f57/
WARNING 2025-07-27 00:29:46,358 basehttp "GET /api/bookings/440f9ad5-ba10-4a09-a91d-a62a075c4f57/ HTTP/1.1" 404 15329
INFO 2025-07-27 00:29:53,641 basehttp "GET /api/bookings/ HTTP/1.1" 200 24490
WARNING 2025-07-27 00:30:52,377 log Bad Request: /api/bookings/
WARNING 2025-07-27 00:30:52,377 log Bad Request: /api/bookings/
WARNING 2025-07-27 00:30:52,380 basehttp "POST /api/bookings/ HTTP/1.1" 400 10836
WARNING 2025-07-27 00:31:01,164 log Bad Request: /api/bookings/
WARNING 2025-07-27 00:31:01,164 log Bad Request: /api/bookings/
WARNING 2025-07-27 00:31:01,167 basehttp "POST /api/bookings/ HTTP/1.1" 400 10716
INFO 2025-07-27 00:31:17,256 basehttp "GET /api/property_listings/ HTTP/1.1" 200 148131
INFO 2025-07-27 00:31:32,399 basehttp "GET /api/property_listings/5782447f-d2e8-438e-be49-8f8a174e3bc0/ HTTP/1.1" 200 11350
INFO 2025-07-27 00:31:41,458 basehttp "GET /api/bookings/ HTTP/1.1" 200 24490
WARNING 2025-07-27 00:32:06,589 log Bad Request: /api/bookings/
WARNING 2025-07-27 00:32:06,589 log Bad Request: /api/bookings/
WARNING 2025-07-27 00:32:06,591 basehttp "POST /api/bookings/ HTTP/1.1" 400 10716
INFO 2025-07-27 00:34:02,511 basehttp "POST /api-auth/logout/?next=/api/bookings/ HTTP/1.1" 302 0
WARNING 2025-07-27 00:34:02,569 log Forbidden: /api/bookings/
WARNING 2025-07-27 00:34:02,569 log Forbidden: /api/bookings/
WARNING 2025-07-27 00:34:02,572 basehttp "GET /api/bookings/ HTTP/1.1" 403 5121
INFO 2025-07-27 00:34:06,751 basehttp "GET /api-auth/login/?next=/api/bookings/ HTTP/1.1" 200 2714
WARNING 2025-07-27 00:34:11,543 log Forbidden: /api/
WARNING 2025-07-27 00:34:11,543 log Forbidden: /api/
WARNING 2025-07-27 00:34:11,547 basehttp "GET /api/ HTTP/1.1" 403 4940
WARNING 2025-07-27 00:34:19,355 log Method Not Allowed: /api/auth/register/
WARNING 2025-07-27 00:34:19,355 log Method Not Allowed: /api/auth/register/
WARNING 2025-07-27 00:34:19,358 basehttp "GET /api/auth/register/ HTTP/1.1" 405 10301
INFO 2025-07-27 00:34:31,515 basehttp "GET /api-auth/login/?next=/api/auth/register/ HTTP/1.1" 200 2719
INFO 2025-07-27 00:34:38,800 basehttp "POST /api-auth/login/ HTTP/1.1" 302 0
WARNING 2025-07-27 00:34:38,831 log Method Not Allowed: /api/auth/register/
WARNING 2025-07-27 00:34:38,831 log Method Not Allowed: /api/auth/register/
WARNING 2025-07-27 00:34:38,832 basehttp "GET /api/auth/register/ HTTP/1.1" 405 10847
INFO 2025-07-27 00:34:58,953 basehttp "GET /api/property_listings/ HTTP/1.1" 200 36884
WARNING 2025-07-27 00:40:48,714 log Bad Request: /api/property_listings/
WARNING 2025-07-27 00:40:48,714 log Bad Request: /api/property_listings/
WARNING 2025-07-27 00:40:48,714 basehttp "POST /api/property_listings/ HTTP/1.1" 400 22886
WARNING 2025-07-27 00:42:11,616 log Bad Request: /api/property_listings/
WARNING 2025-07-27 00:42:11,616 log Bad Request: /api/property_listings/
WARNING 2025-07-27 00:42:11,617 basehttp "POST /api/property_listings/ HTTP/1.1" 400 22892
WARNING 2025-07-27 00:42:58,668 log Bad Request: /api/property_listings/
WARNING 2025-07-27 00:42:58,668 log Bad Request: /api/property_listings/
WARNING 2025-07-27 00:42:58,669 basehttp "POST /api/property_listings/ HTTP/1.1" 400 36806
WARNING 2025-07-27 00:46:53,291 log Bad Request: /api/property_listings/
WARNING 2025-07-27 00:46:53,291 log Bad Request: /api/property_listings/
WARNING 2025-07-27 00:46:53,292 basehttp "POST /api/property_listings/ HTTP/1.1" 400 21969
WARNING 2025-07-27 00:47:14,293 log Bad Request: /api/property_listings/
WARNING 2025-07-27 00:47:14,293 log Bad Request: /api/property_listings/
WARNING 2025-07-27 00:47:14,294 basehttp "POST /api/property_listings/ HTTP/1.1" 400 36806
INFO 2025-07-27 00:48:37,614 autoreload Watching for file changes with StatReloader
WARNING 2025-07-27 00:48:46,438 log Bad Request: /api/property_listings/
WARNING 2025-07-27 00:48:46,438 log Bad Request: /api/property_listings/
WARNING 2025-07-27 00:48:46,441 basehttp "POST /api/property_listings/ HTTP/1.1" 400 36806
WARNING 2025-07-27 00:56:10,310 log Not Found: /auth/verify/71713bfe-9757-4cb7-ad47-b82836565507/PFNzy65oIVJ43UXvh11xZ8aZvRSlgqGp6q7AANlJccc
WARNING 2025-07-27 00:56:10,310 log Not Found: /auth/verify/71713bfe-9757-4cb7-ad47-b82836565507/PFNzy65oIVJ43UXvh11xZ8aZvRSlgqGp6q7AANlJccc
WARNING 2025-07-27 00:56:10,313 basehttp "GET /auth/verify/71713bfe-9757-4cb7-ad47-b82836565507/PFNzy65oIVJ43UXvh11xZ8aZvRSlgqGp6q7AANlJccc HTTP/1.1" 404 4570
WARNING 2025-07-27 00:59:12,972 log Bad Request: /api/property_listings/
WARNING 2025-07-27 00:59:12,972 log Bad Request: /api/property_listings/
WARNING 2025-07-27 00:59:12,973 basehttp "POST /api/property_listings/ HTTP/1.1" 400 21998
WARNING 2025-07-27 01:02:15,930 log Bad Request: /api/property_listings/
WARNING 2025-07-27 01:02:15,930 log Bad Request: /api/property_listings/
WARNING 2025-07-27 01:02:15,931 basehttp "POST /api/property_listings/ HTTP/1.1" 400 22004
WARNING 2025-07-27 01:03:15,490 log Bad Request: /api/property_listings/
WARNING 2025-07-27 01:03:15,490 log Bad Request: /api/property_listings/
WARNING 2025-07-27 01:03:15,491 basehttp "POST /api/property_listings/ HTTP/1.1" 400 36806
INFO 2025-07-27 01:07:07,050 autoreload /media/allano/53CE082D539E52ED/_pD_BE/booking_app_BE/booking_app/listings/services/listing_service.py changed, reloading.
INFO 2025-07-27 01:07:10,668 autoreload Watching for file changes with StatReloader
WARNING 2025-07-27 01:09:48,847 log Bad Request: /api/property_listings/
WARNING 2025-07-27 01:09:48,847 log Bad Request: /api/property_listings/
WARNING 2025-07-27 01:09:48,848 basehttp "POST /api/property_listings/ HTTP/1.1" 400 36827
WARNING 2025-07-27 01:12:24,263 log Bad Request: /api/property_listings/
WARNING 2025-07-27 01:12:24,263 log Bad Request: /api/property_listings/
WARNING 2025-07-27 01:12:24,263 basehttp "POST /api/property_listings/ HTTP/1.1" 400 36827
INFO 2025-07-27 01:14:05,004 autoreload /media/allano/53CE082D539E52ED/_pD_BE/booking_app_BE/booking_app/listings/services/listing_service.py changed, reloading.
INFO 2025-07-27 01:14:09,042 autoreload Watching for file changes with StatReloader
INFO 2025-07-27 01:14:22,947 autoreload /media/allano/53CE082D539E52ED/_pD_BE/booking_app_BE/booking_app/listings/serializers/listing_serializer.py changed, reloading.
INFO 2025-07-27 01:14:25,354 autoreload Watching for file changes with StatReloader
INFO 2025-07-27 01:18:53,151 autoreload /media/allano/53CE082D539E52ED/_pD_BE/booking_app_BE/booking_app/listings/services/listing_service.py changed, reloading.
INFO 2025-07-27 01:18:54,624 autoreload Watching for file changes with StatReloader
ERROR 2025-07-27 01:20:51,389 log Internal Server Error: /api/property_listings/
Traceback (most recent call last):
  File "/media/allano/53CE082D539E52ED/_pD_BE/booking_app_BE/venv/lib/python3.10/site-packages/django/core/handlers/exception.py", line 55, in inner
    response = get_response(request)
  File "/media/allano/53CE082D539E52ED/_pD_BE/booking_app_BE/venv/lib/python3.10/site-packages/django/core/handlers/base.py", line 197, in _get_response
    response = wrapped_callback(request, *callback_args, **callback_kwargs)
  File "/media/allano/53CE082D539E52ED/_pD_BE/booking_app_BE/venv/lib/python3.10/site-packages/django/views/decorators/csrf.py", line 65, in _view_wrapper
    return view_func(request, *args, **kwargs)
  File "/media/allano/53CE082D539E52ED/_pD_BE/booking_app_BE/venv/lib/python3.10/site-packages/rest_framework/viewsets.py", line 125, in view
    return self.dispatch(request, *args, **kwargs)
  File "/media/allano/53CE082D539E52ED/_pD_BE/booking_app_BE/venv/lib/python3.10/site-packages/rest_framework/views.py", line 515, in dispatch
    response = self.handle_exception(exc)
  File "/media/allano/53CE082D539E52ED/_pD_BE/booking_app_BE/venv/lib/python3.10/site-packages/rest_framework/views.py", line 475, in handle_exception
    self.raise_uncaught_exception(exc)
  File "/media/allano/53CE082D539E52ED/_pD_BE/booking_app_BE/venv/lib/python3.10/site-packages/rest_framework/views.py", line 486, in raise_uncaught_exception
    raise exc
  File "/media/allano/53CE082D539E52ED/_pD_BE/booking_app_BE/venv/lib/python3.10/site-packages/rest_framework/views.py", line 512, in dispatch
    response = handler(request, *args, **kwargs)
  File "/media/allano/53CE082D539E52ED/_pD_BE/booking_app_BE/booking_app/listings/views/listing_views.py", line 37, in create
    serializer.is_valid(raise_exception=True)
  File "/media/allano/53CE082D539E52ED/_pD_BE/booking_app_BE/venv/lib/python3.10/site-packages/rest_framework/serializers.py", line 225, in is_valid
    self._validated_data = self.run_validation(self.initial_data)
  File "/media/allano/53CE082D539E52ED/_pD_BE/booking_app_BE/venv/lib/python3.10/site-packages/rest_framework/serializers.py", line 444, in run_validation
    value = self.to_internal_value(data)
  File "/media/allano/53CE082D539E52ED/_pD_BE/booking_app_BE/venv/lib/python3.10/site-packages/rest_framework/serializers.py", line 497, in to_internal_value
    for field in fields:
  File "/media/allano/53CE082D539E52ED/_pD_BE/booking_app_BE/venv/lib/python3.10/site-packages/rest_framework/serializers.py", line 380, in _writable_fields
    for field in self.fields.values():
  File "/media/allano/53CE082D539E52ED/_pD_BE/booking_app_BE/venv/lib/python3.10/site-packages/django/utils/functional.py", line 47, in __get__
    res = instance.__dict__[self.name] = self.func(instance)
  File "/media/allano/53CE082D539E52ED/_pD_BE/booking_app_BE/venv/lib/python3.10/site-packages/rest_framework/serializers.py", line 374, in fields
    for key, value in self.get_fields().items():
  File "/media/allano/53CE082D539E52ED/_pD_BE/booking_app_BE/venv/lib/python3.10/site-packages/rest_framework/serializers.py", line 1081, in get_fields
    field_names = self.get_field_names(declared_fields, info)
  File "/media/allano/53CE082D539E52ED/_pD_BE/booking_app_BE/venv/lib/python3.10/site-packages/rest_framework/serializers.py", line 1177, in get_field_names
    assert field_name in fields, (
AssertionError: The field 'latitude' was declared on serializer ListingSerializer, but has not been included in the 'fields' option.
ERROR 2025-07-27 01:20:51,389 log Internal Server Error: /api/property_listings/
Traceback (most recent call last):
  File "/media/allano/53CE082D539E52ED/_pD_BE/booking_app_BE/venv/lib/python3.10/site-packages/django/core/handlers/exception.py", line 55, in inner
    response = get_response(request)
  File "/media/allano/53CE082D539E52ED/_pD_BE/booking_app_BE/venv/lib/python3.10/site-packages/django/core/handlers/base.py", line 197, in _get_response
    response = wrapped_callback(request, *callback_args, **callback_kwargs)
  File "/media/allano/53CE082D539E52ED/_pD_BE/booking_app_BE/venv/lib/python3.10/site-packages/django/views/decorators/csrf.py", line 65, in _view_wrapper
    return view_func(request, *args, **kwargs)
  File "/media/allano/53CE082D539E52ED/_pD_BE/booking_app_BE/venv/lib/python3.10/site-packages/rest_framework/viewsets.py", line 125, in view
    return self.dispatch(request, *args, **kwargs)
  File "/media/allano/53CE082D539E52ED/_pD_BE/booking_app_BE/venv/lib/python3.10/site-packages/rest_framework/views.py", line 515, in dispatch
    response = self.handle_exception(exc)
  File "/media/allano/53CE082D539E52ED/_pD_BE/booking_app_BE/venv/lib/python3.10/site-packages/rest_framework/views.py", line 475, in handle_exception
    self.raise_uncaught_exception(exc)
  File "/media/allano/53CE082D539E52ED/_pD_BE/booking_app_BE/venv/lib/python3.10/site-packages/rest_framework/views.py", line 486, in raise_uncaught_exception
    raise exc
  File "/media/allano/53CE082D539E52ED/_pD_BE/booking_app_BE/venv/lib/python3.10/site-packages/rest_framework/views.py", line 512, in dispatch
    response = handler(request, *args, **kwargs)
  File "/media/allano/53CE082D539E52ED/_pD_BE/booking_app_BE/booking_app/listings/views/listing_views.py", line 37, in create
    serializer.is_valid(raise_exception=True)
  File "/media/allano/53CE082D539E52ED/_pD_BE/booking_app_BE/venv/lib/python3.10/site-packages/rest_framework/serializers.py", line 225, in is_valid
    self._validated_data = self.run_validation(self.initial_data)
  File "/media/allano/53CE082D539E52ED/_pD_BE/booking_app_BE/venv/lib/python3.10/site-packages/rest_framework/serializers.py", line 444, in run_validation
    value = self.to_internal_value(data)
  File "/media/allano/53CE082D539E52ED/_pD_BE/booking_app_BE/venv/lib/python3.10/site-packages/rest_framework/serializers.py", line 497, in to_internal_value
    for field in fields:
  File "/media/allano/53CE082D539E52ED/_pD_BE/booking_app_BE/venv/lib/python3.10/site-packages/rest_framework/serializers.py", line 380, in _writable_fields
    for field in self.fields.values():
  File "/media/allano/53CE082D539E52ED/_pD_BE/booking_app_BE/venv/lib/python3.10/site-packages/django/utils/functional.py", line 47, in __get__
    res = instance.__dict__[self.name] = self.func(instance)
  File "/media/allano/53CE082D539E52ED/_pD_BE/booking_app_BE/venv/lib/python3.10/site-packages/rest_framework/serializers.py", line 374, in fields
    for key, value in self.get_fields().items():
  File "/media/allano/53CE082D539E52ED/_pD_BE/booking_app_BE/venv/lib/python3.10/site-packages/rest_framework/serializers.py", line 1081, in get_fields
    field_names = self.get_field_names(declared_fields, info)
  File "/media/allano/53CE082D539E52ED/_pD_BE/booking_app_BE/venv/lib/python3.10/site-packages/rest_framework/serializers.py", line 1177, in get_field_names
    assert field_name in fields, (
AssertionError: The field 'latitude' was declared on serializer ListingSerializer, but has not been included in the 'fields' option.
ERROR 2025-07-27 01:20:51,394 basehttp "POST /api/property_listings/ HTTP/1.1" 500 167827
INFO 2025-07-27 01:21:25,664 autoreload /media/allano/53CE082D539E52ED/_pD_BE/booking_app_BE/booking_app/listings/serializers/listing_serializer.py changed, reloading.
INFO 2025-07-27 01:21:30,000 autoreload Watching for file changes with StatReloader
WARNING 2025-07-27 01:21:32,722 log Bad Request: /api/property_listings/
WARNING 2025-07-27 01:21:32,722 log Bad Request: /api/property_listings/
WARNING 2025-07-27 01:21:32,725 basehttp "POST /api/property_listings/ HTTP/1.1" 400 36514
INFO 2025-07-27 01:22:05,332 autoreload /media/allano/53CE082D539E52ED/_pD_BE/booking_app_BE/booking_app/listings/serializers/listing_serializer.py changed, reloading.
INFO 2025-07-27 01:22:08,764 autoreload Watching for file changes with StatReloader
WARNING 2025-07-27 01:23:36,748 log Bad Request: /api/property_listings/
WARNING 2025-07-27 01:23:36,748 log Bad Request: /api/property_listings/
WARNING 2025-07-27 01:23:36,751 basehttp "POST /api/property_listings/ HTTP/1.1" 400 36514
INFO 2025-07-27 01:23:57,693 autoreload /media/allano/53CE082D539E52ED/_pD_BE/booking_app_BE/booking_app/listings/serializers/listing_serializer.py changed, reloading.
INFO 2025-07-27 01:24:01,966 autoreload Watching for file changes with StatReloader
WARNING 2025-07-27 01:24:06,362 log Bad Request: /api/property_listings/
WARNING 2025-07-27 01:24:06,362 log Bad Request: /api/property_listings/
WARNING 2025-07-27 01:24:06,365 basehttp "POST /api/property_listings/ HTTP/1.1" 400 36514
INFO 2025-07-27 01:24:19,451 basehttp "GET /api/users/ HTTP/1.1" 200 7741
INFO 2025-07-27 01:24:27,731 basehttp "GET /api/property_listings/ HTTP/1.1" 200 36620
INFO 2025-07-27 01:25:34,570 autoreload /media/allano/53CE082D539E52ED/_pD_BE/booking_app_BE/booking_app/listings/serializers/listing_serializer.py changed, reloading.
INFO 2025-07-27 01:25:37,455 autoreload Watching for file changes with StatReloader
INFO 2025-07-27 01:25:42,792 basehttp "GET /api/property_listings/ HTTP/1.1" 200 36884
INFO 2025-07-27 01:25:56,262 autoreload /media/allano/53CE082D539E52ED/_pD_BE/booking_app_BE/booking_app/listings/serializers/listing_serializer.py changed, reloading.
INFO 2025-07-27 01:26:01,260 autoreload Watching for file changes with StatReloader
WARNING 2025-07-27 01:27:49,735 log Bad Request: /api/property_listings/
WARNING 2025-07-27 01:27:49,735 log Bad Request: /api/property_listings/
WARNING 2025-07-27 01:27:49,735 basehttp "POST /api/property_listings/ HTTP/1.1" 400 22040
ERROR 2025-07-27 01:28:06,639 libgdal GDAL_ERROR 1: b'JSON parsing error: quoted object property name expected (at offset 6)'
WARNING 2025-07-27 01:28:06,715 log Bad Request: /api/property_listings/
WARNING 2025-07-27 01:28:06,715 log Bad Request: /api/property_listings/
WARNING 2025-07-27 01:28:06,717 basehttp "POST /api/property_listings/ HTTP/1.1" 400 22017
INFO 2025-07-27 01:28:22,029 basehttp "POST /api/property_listings/ HTTP/1.1" 201 24328
INFO 2025-07-27 01:29:03,236 basehttp "POST /api-auth/logout/?next=/api/property_listings/ HTTP/1.1" 302 0
WARNING 2025-07-27 01:29:03,302 log Forbidden: /api/property_listings/
WARNING 2025-07-27 01:29:03,302 log Forbidden: /api/property_listings/
WARNING 2025-07-27 01:29:03,305 basehttp "GET /api/property_listings/ HTTP/1.1" 403 5175
INFO 2025-07-27 01:29:05,048 basehttp "GET /api-auth/login/?next=/api/property_listings/ HTTP/1.1" 200 2723
INFO 2025-07-27 01:29:07,958 basehttp "POST /api-auth/login/ HTTP/1.1" 302 0
INFO 2025-07-27 01:29:08,402 basehttp "GET /api/property_listings/ HTTP/1.1" 200 146595
INFO 2025-07-27 01:30:05,780 basehttp "GET /api/bookings/ HTTP/1.1" 200 24490
WARNING 2025-07-27 01:30:32,823 log Bad Request: /api/bookings/
WARNING 2025-07-27 01:30:32,823 log Bad Request: /api/bookings/
WARNING 2025-07-27 01:30:32,824 basehttp "POST /api/bookings/ HTTP/1.1" 400 10716
INFO 2025-07-27 01:35:35,608 autoreload /media/allano/53CE082D539E52ED/_pD_BE/booking_app_BE/booking_app/bookings/services/booking_service.py changed, reloading.
INFO 2025-07-27 01:35:40,139 autoreload Watching for file changes with StatReloader
WARNING 2025-07-27 01:35:57,766 log Bad Request: /api/bookings/
WARNING 2025-07-27 01:35:57,766 log Bad Request: /api/bookings/
WARNING 2025-07-27 01:35:57,769 basehttp "POST /api/bookings/ HTTP/1.1" 400 11321
WARNING 2025-07-27 01:36:18,323 log Bad Request: /api/bookings/
WARNING 2025-07-27 01:36:18,323 log Bad Request: /api/bookings/
WARNING 2025-07-27 01:36:18,326 basehttp "POST /api/bookings/ HTTP/1.1" 400 10716
WARNING 2025-07-27 01:36:27,549 log Bad Request: /api/bookings/
WARNING 2025-07-27 01:36:27,549 log Bad Request: /api/bookings/
WARNING 2025-07-27 01:36:27,552 basehttp "POST /api/bookings/ HTTP/1.1" 400 10716
WARNING 2025-07-27 01:36:48,439 log Bad Request: /api/bookings/
WARNING 2025-07-27 01:36:48,439 log Bad Request: /api/bookings/
WARNING 2025-07-27 01:36:48,442 basehttp "POST /api/bookings/ HTTP/1.1" 400 10716
INFO 2025-07-27 01:37:07,901 basehttp "GET /api/property_listings/ HTTP/1.1" 200 146595
INFO 2025-07-27 01:37:46,637 autoreload /media/allano/53CE082D539E52ED/_pD_BE/booking_app_BE/booking_app/bookings/services/booking_service.py changed, reloading.
INFO 2025-07-27 01:37:51,047 autoreload Watching for file changes with StatReloader
INFO 2025-07-27 01:37:53,648 basehttp "GET /api/bookings/ HTTP/1.1" 200 24490
WARNING 2025-07-27 01:38:17,230 log Bad Request: /api/bookings/
WARNING 2025-07-27 01:38:17,230 log Bad Request: /api/bookings/
WARNING 2025-07-27 01:38:17,233 basehttp "POST /api/bookings/ HTTP/1.1" 400 10716
WARNING 2025-07-27 01:39:27,670 log Bad Request: /api/bookings/
WARNING 2025-07-27 01:39:27,670 log Bad Request: /api/bookings/
WARNING 2025-07-27 01:39:27,673 basehttp "POST /api/bookings/ HTTP/1.1" 400 10843
WARNING 2025-07-27 01:39:36,078 log Bad Request: /api/bookings/
WARNING 2025-07-27 01:39:36,078 log Bad Request: /api/bookings/
WARNING 2025-07-27 01:39:36,081 basehttp "POST /api/bookings/ HTTP/1.1" 400 10716
INFO 2025-07-27 01:41:09,468 autoreload /media/allano/53CE082D539E52ED/_pD_BE/booking_app_BE/booking_app/bookings/services/booking_service.py changed, reloading.
INFO 2025-07-27 01:41:12,847 autoreload Watching for file changes with StatReloader
WARNING 2025-07-27 01:42:20,869 log Bad Request: /api/bookings/
WARNING 2025-07-27 01:42:20,869 log Bad Request: /api/bookings/
WARNING 2025-07-27 01:42:20,870 basehttp "POST /api/bookings/ HTTP/1.1" 400 10828
WARNING 2025-07-27 01:42:40,453 log Bad Request: /api/bookings/
WARNING 2025-07-27 01:42:40,453 log Bad Request: /api/bookings/
WARNING 2025-07-27 01:42:40,456 basehttp "POST /api/bookings/ HTTP/1.1" 400 5240
INFO 2025-07-27 01:42:47,248 basehttp "GET /api/bookings/ HTTP/1.1" 200 24490
WARNING 2025-07-27 01:43:11,041 log Bad Request: /api/bookings/
WARNING 2025-07-27 01:43:11,041 log Bad Request: /api/bookings/
WARNING 2025-07-27 01:43:11,044 basehttp "POST /api/bookings/ HTTP/1.1" 400 5240
INFO 2025-07-27 01:43:16,743 basehttp "GET /api/bookings/ HTTP/1.1" 200 24490
WARNING 2025-07-27 01:43:54,057 log Bad Request: /api/bookings/
WARNING 2025-07-27 01:43:54,057 log Bad Request: /api/bookings/
WARNING 2025-07-27 01:43:54,060 basehttp "POST /api/bookings/ HTTP/1.1" 400 5240
INFO 2025-07-27 01:46:12,822 autoreload /media/allano/53CE082D539E52ED/_pD_BE/booking_app_BE/booking_app/bookings/services/booking_service.py changed, reloading.
INFO 2025-07-27 01:46:16,433 autoreload Watching for file changes with StatReloader
INFO 2025-07-27 01:47:02,938 autoreload /media/allano/53CE082D539E52ED/_pD_BE/booking_app_BE/booking_app/bookings/services/booking_service.py changed, reloading.
INFO 2025-07-27 01:47:04,906 autoreload Watching for file changes with StatReloader
INFO 2025-07-27 01:47:09,922 basehttp "GET /api/bookings/ HTTP/1.1" 200 24490
ERROR 2025-07-27 01:47:37,961 log Internal Server Error: /api/bookings/
Traceback (most recent call last):
  File "/media/allano/53CE082D539E52ED/_pD_BE/booking_app_BE/venv/lib/python3.10/site-packages/django/db/models/fields/__init__.py", line 2766, in to_python
    return uuid.UUID(**{input_form: value})
  File "/usr/lib/python3.10/uuid.py", line 174, in __init__
    hex = hex.replace('urn:', '').replace('uuid:', '')
AttributeError: 'dict' object has no attribute 'replace'

During handling of the above exception, another exception occurred:

Traceback (most recent call last):
  File "/media/allano/53CE082D539E52ED/_pD_BE/booking_app_BE/venv/lib/python3.10/site-packages/django/core/handlers/exception.py", line 55, in inner
    response = get_response(request)
  File "/media/allano/53CE082D539E52ED/_pD_BE/booking_app_BE/venv/lib/python3.10/site-packages/django/core/handlers/base.py", line 197, in _get_response
    response = wrapped_callback(request, *callback_args, **callback_kwargs)
  File "/media/allano/53CE082D539E52ED/_pD_BE/booking_app_BE/venv/lib/python3.10/site-packages/django/views/decorators/csrf.py", line 65, in _view_wrapper
    return view_func(request, *args, **kwargs)
  File "/media/allano/53CE082D539E52ED/_pD_BE/booking_app_BE/venv/lib/python3.10/site-packages/rest_framework/viewsets.py", line 125, in view
    return self.dispatch(request, *args, **kwargs)
  File "/media/allano/53CE082D539E52ED/_pD_BE/booking_app_BE/venv/lib/python3.10/site-packages/rest_framework/views.py", line 515, in dispatch
    response = self.handle_exception(exc)
  File "/media/allano/53CE082D539E52ED/_pD_BE/booking_app_BE/venv/lib/python3.10/site-packages/rest_framework/views.py", line 475, in handle_exception
    self.raise_uncaught_exception(exc)
  File "/media/allano/53CE082D539E52ED/_pD_BE/booking_app_BE/venv/lib/python3.10/site-packages/rest_framework/views.py", line 486, in raise_uncaught_exception
    raise exc
  File "/media/allano/53CE082D539E52ED/_pD_BE/booking_app_BE/venv/lib/python3.10/site-packages/rest_framework/views.py", line 512, in dispatch
    response = handler(request, *args, **kwargs)
  File "/media/allano/53CE082D539E52ED/_pD_BE/booking_app_BE/booking_app/bookings/views/booking_views.py", line 64, in create
    booking = BookingService.create_booking(request.user, serializer.validated_data)
  File "/media/allano/53CE082D539E52ED/_pD_BE/booking_app_BE/booking_app/bookings/services/booking_service.py", line 51, in create_booking
    listing = Listing.objects.select_for_update().get(property_id = listing_id)
  File "/media/allano/53CE082D539E52ED/_pD_BE/booking_app_BE/venv/lib/python3.10/site-packages/django/db/models/query.py", line 619, in get
    clone = self._chain() if self.query.combinator else self.filter(*args, **kwargs)
  File "/media/allano/53CE082D539E52ED/_pD_BE/booking_app_BE/venv/lib/python3.10/site-packages/django/db/models/query.py", line 1493, in filter
    return self._filter_or_exclude(False, args, kwargs)
  File "/media/allano/53CE082D539E52ED/_pD_BE/booking_app_BE/venv/lib/python3.10/site-packages/django/db/models/query.py", line 1511, in _filter_or_exclude
    clone._filter_or_exclude_inplace(negate, args, kwargs)
  File "/media/allano/53CE082D539E52ED/_pD_BE/booking_app_BE/venv/lib/python3.10/site-packages/django/db/models/query.py", line 1518, in _filter_or_exclude_inplace
    self._query.add_q(Q(*args, **kwargs))
  File "/media/allano/53CE082D539E52ED/_pD_BE/booking_app_BE/venv/lib/python3.10/site-packages/django/db/models/sql/query.py", line 1646, in add_q
    clause, _ = self._add_q(q_object, can_reuse)
  File "/media/allano/53CE082D539E52ED/_pD_BE/booking_app_BE/venv/lib/python3.10/site-packages/django/db/models/sql/query.py", line 1678, in _add_q
    child_clause, needed_inner = self.build_filter(
  File "/media/allano/53CE082D539E52ED/_pD_BE/booking_app_BE/venv/lib/python3.10/site-packages/django/db/models/sql/query.py", line 1588, in build_filter
    condition = self.build_lookup(lookups, col, value)
  File "/media/allano/53CE082D539E52ED/_pD_BE/booking_app_BE/venv/lib/python3.10/site-packages/django/db/models/sql/query.py", line 1415, in build_lookup
    lookup = lookup_class(lhs, rhs)
  File "/media/allano/53CE082D539E52ED/_pD_BE/booking_app_BE/venv/lib/python3.10/site-packages/django/db/models/lookups.py", line 38, in __init__
    self.rhs = self.get_prep_lookup()
  File "/media/allano/53CE082D539E52ED/_pD_BE/booking_app_BE/venv/lib/python3.10/site-packages/django/db/models/lookups.py", line 410, in get_prep_lookup
    return super().get_prep_lookup()
  File "/media/allano/53CE082D539E52ED/_pD_BE/booking_app_BE/venv/lib/python3.10/site-packages/django/db/models/lookups.py", line 96, in get_prep_lookup
    return self.lhs.output_field.get_prep_value(self.rhs)
  File "/media/allano/53CE082D539E52ED/_pD_BE/booking_app_BE/venv/lib/python3.10/site-packages/django/db/models/fields/__init__.py", line 2750, in get_prep_value
    return self.to_python(value)
  File "/media/allano/53CE082D539E52ED/_pD_BE/booking_app_BE/venv/lib/python3.10/site-packages/django/db/models/fields/__init__.py", line 2768, in to_python
    raise exceptions.ValidationError(
django.core.exceptions.ValidationError: ["“{'property_id': UUID('275115dc-ae03-4a15-b699-3a70ef7f1a67')}” is not a valid UUID."]
ERROR 2025-07-27 01:47:37,961 log Internal Server Error: /api/bookings/
Traceback (most recent call last):
  File "/media/allano/53CE082D539E52ED/_pD_BE/booking_app_BE/venv/lib/python3.10/site-packages/django/db/models/fields/__init__.py", line 2766, in to_python
    return uuid.UUID(**{input_form: value})
  File "/usr/lib/python3.10/uuid.py", line 174, in __init__
    hex = hex.replace('urn:', '').replace('uuid:', '')
AttributeError: 'dict' object has no attribute 'replace'

During handling of the above exception, another exception occurred:

Traceback (most recent call last):
  File "/media/allano/53CE082D539E52ED/_pD_BE/booking_app_BE/venv/lib/python3.10/site-packages/django/core/handlers/exception.py", line 55, in inner
    response = get_response(request)
  File "/media/allano/53CE082D539E52ED/_pD_BE/booking_app_BE/venv/lib/python3.10/site-packages/django/core/handlers/base.py", line 197, in _get_response
    response = wrapped_callback(request, *callback_args, **callback_kwargs)
  File "/media/allano/53CE082D539E52ED/_pD_BE/booking_app_BE/venv/lib/python3.10/site-packages/django/views/decorators/csrf.py", line 65, in _view_wrapper
    return view_func(request, *args, **kwargs)
  File "/media/allano/53CE082D539E52ED/_pD_BE/booking_app_BE/venv/lib/python3.10/site-packages/rest_framework/viewsets.py", line 125, in view
    return self.dispatch(request, *args, **kwargs)
  File "/media/allano/53CE082D539E52ED/_pD_BE/booking_app_BE/venv/lib/python3.10/site-packages/rest_framework/views.py", line 515, in dispatch
    response = self.handle_exception(exc)
  File "/media/allano/53CE082D539E52ED/_pD_BE/booking_app_BE/venv/lib/python3.10/site-packages/rest_framework/views.py", line 475, in handle_exception
    self.raise_uncaught_exception(exc)
  File "/media/allano/53CE082D539E52ED/_pD_BE/booking_app_BE/venv/lib/python3.10/site-packages/rest_framework/views.py", line 486, in raise_uncaught_exception
    raise exc
  File "/media/allano/53CE082D539E52ED/_pD_BE/booking_app_BE/venv/lib/python3.10/site-packages/rest_framework/views.py", line 512, in dispatch
    response = handler(request, *args, **kwargs)
  File "/media/allano/53CE082D539E52ED/_pD_BE/booking_app_BE/booking_app/bookings/views/booking_views.py", line 64, in create
    booking = BookingService.create_booking(request.user, serializer.validated_data)
  File "/media/allano/53CE082D539E52ED/_pD_BE/booking_app_BE/booking_app/bookings/services/booking_service.py", line 51, in create_booking
    listing = Listing.objects.select_for_update().get(property_id = listing_id)
  File "/media/allano/53CE082D539E52ED/_pD_BE/booking_app_BE/venv/lib/python3.10/site-packages/django/db/models/query.py", line 619, in get
    clone = self._chain() if self.query.combinator else self.filter(*args, **kwargs)
  File "/media/allano/53CE082D539E52ED/_pD_BE/booking_app_BE/venv/lib/python3.10/site-packages/django/db/models/query.py", line 1493, in filter
    return self._filter_or_exclude(False, args, kwargs)
  File "/media/allano/53CE082D539E52ED/_pD_BE/booking_app_BE/venv/lib/python3.10/site-packages/django/db/models/query.py", line 1511, in _filter_or_exclude
    clone._filter_or_exclude_inplace(negate, args, kwargs)
  File "/media/allano/53CE082D539E52ED/_pD_BE/booking_app_BE/venv/lib/python3.10/site-packages/django/db/models/query.py", line 1518, in _filter_or_exclude_inplace
    self._query.add_q(Q(*args, **kwargs))
  File "/media/allano/53CE082D539E52ED/_pD_BE/booking_app_BE/venv/lib/python3.10/site-packages/django/db/models/sql/query.py", line 1646, in add_q
    clause, _ = self._add_q(q_object, can_reuse)
  File "/media/allano/53CE082D539E52ED/_pD_BE/booking_app_BE/venv/lib/python3.10/site-packages/django/db/models/sql/query.py", line 1678, in _add_q
    child_clause, needed_inner = self.build_filter(
  File "/media/allano/53CE082D539E52ED/_pD_BE/booking_app_BE/venv/lib/python3.10/site-packages/django/db/models/sql/query.py", line 1588, in build_filter
    condition = self.build_lookup(lookups, col, value)
  File "/media/allano/53CE082D539E52ED/_pD_BE/booking_app_BE/venv/lib/python3.10/site-packages/django/db/models/sql/query.py", line 1415, in build_lookup
    lookup = lookup_class(lhs, rhs)
  File "/media/allano/53CE082D539E52ED/_pD_BE/booking_app_BE/venv/lib/python3.10/site-packages/django/db/models/lookups.py", line 38, in __init__
    self.rhs = self.get_prep_lookup()
  File "/media/allano/53CE082D539E52ED/_pD_BE/booking_app_BE/venv/lib/python3.10/site-packages/django/db/models/lookups.py", line 410, in get_prep_lookup
    return super().get_prep_lookup()
  File "/media/allano/53CE082D539E52ED/_pD_BE/booking_app_BE/venv/lib/python3.10/site-packages/django/db/models/lookups.py", line 96, in get_prep_lookup
    return self.lhs.output_field.get_prep_value(self.rhs)
  File "/media/allano/53CE082D539E52ED/_pD_BE/booking_app_BE/venv/lib/python3.10/site-packages/django/db/models/fields/__init__.py", line 2750, in get_prep_value
    return self.to_python(value)
  File "/media/allano/53CE082D539E52ED/_pD_BE/booking_app_BE/venv/lib/python3.10/site-packages/django/db/models/fields/__init__.py", line 2768, in to_python
    raise exceptions.ValidationError(
django.core.exceptions.ValidationError: ["“{'property_id': UUID('275115dc-ae03-4a15-b699-3a70ef7f1a67')}” is not a valid UUID."]
ERROR 2025-07-27 01:47:37,972 basehttp "POST /api/bookings/ HTTP/1.1" 500 190063
ERROR 2025-07-27 01:47:54,440 log Internal Server Error: /api/bookings/
Traceback (most recent call last):
  File "/media/allano/53CE082D539E52ED/_pD_BE/booking_app_BE/venv/lib/python3.10/site-packages/django/db/models/fields/__init__.py", line 2766, in to_python
    return uuid.UUID(**{input_form: value})
  File "/usr/lib/python3.10/uuid.py", line 174, in __init__
    hex = hex.replace('urn:', '').replace('uuid:', '')
AttributeError: 'dict' object has no attribute 'replace'

During handling of the above exception, another exception occurred:

Traceback (most recent call last):
  File "/media/allano/53CE082D539E52ED/_pD_BE/booking_app_BE/venv/lib/python3.10/site-packages/django/core/handlers/exception.py", line 55, in inner
    response = get_response(request)
  File "/media/allano/53CE082D539E52ED/_pD_BE/booking_app_BE/venv/lib/python3.10/site-packages/django/core/handlers/base.py", line 197, in _get_response
    response = wrapped_callback(request, *callback_args, **callback_kwargs)
  File "/media/allano/53CE082D539E52ED/_pD_BE/booking_app_BE/venv/lib/python3.10/site-packages/django/views/decorators/csrf.py", line 65, in _view_wrapper
    return view_func(request, *args, **kwargs)
  File "/media/allano/53CE082D539E52ED/_pD_BE/booking_app_BE/venv/lib/python3.10/site-packages/rest_framework/viewsets.py", line 125, in view
    return self.dispatch(request, *args, **kwargs)
  File "/media/allano/53CE082D539E52ED/_pD_BE/booking_app_BE/venv/lib/python3.10/site-packages/rest_framework/views.py", line 515, in dispatch
    response = self.handle_exception(exc)
  File "/media/allano/53CE082D539E52ED/_pD_BE/booking_app_BE/venv/lib/python3.10/site-packages/rest_framework/views.py", line 475, in handle_exception
    self.raise_uncaught_exception(exc)
  File "/media/allano/53CE082D539E52ED/_pD_BE/booking_app_BE/venv/lib/python3.10/site-packages/rest_framework/views.py", line 486, in raise_uncaught_exception
    raise exc
  File "/media/allano/53CE082D539E52ED/_pD_BE/booking_app_BE/venv/lib/python3.10/site-packages/rest_framework/views.py", line 512, in dispatch
    response = handler(request, *args, **kwargs)
  File "/media/allano/53CE082D539E52ED/_pD_BE/booking_app_BE/booking_app/bookings/views/booking_views.py", line 64, in create
    booking = BookingService.create_booking(request.user, serializer.validated_data)
  File "/media/allano/53CE082D539E52ED/_pD_BE/booking_app_BE/booking_app/bookings/services/booking_service.py", line 51, in create_booking
    listing = Listing.objects.select_for_update().get(property_id = listing_id)
  File "/media/allano/53CE082D539E52ED/_pD_BE/booking_app_BE/venv/lib/python3.10/site-packages/django/db/models/query.py", line 619, in get
    clone = self._chain() if self.query.combinator else self.filter(*args, **kwargs)
  File "/media/allano/53CE082D539E52ED/_pD_BE/booking_app_BE/venv/lib/python3.10/site-packages/django/db/models/query.py", line 1493, in filter
    return self._filter_or_exclude(False, args, kwargs)
  File "/media/allano/53CE082D539E52ED/_pD_BE/booking_app_BE/venv/lib/python3.10/site-packages/django/db/models/query.py", line 1511, in _filter_or_exclude
    clone._filter_or_exclude_inplace(negate, args, kwargs)
  File "/media/allano/53CE082D539E52ED/_pD_BE/booking_app_BE/venv/lib/python3.10/site-packages/django/db/models/query.py", line 1518, in _filter_or_exclude_inplace
    self._query.add_q(Q(*args, **kwargs))
  File "/media/allano/53CE082D539E52ED/_pD_BE/booking_app_BE/venv/lib/python3.10/site-packages/django/db/models/sql/query.py", line 1646, in add_q
    clause, _ = self._add_q(q_object, can_reuse)
  File "/media/allano/53CE082D539E52ED/_pD_BE/booking_app_BE/venv/lib/python3.10/site-packages/django/db/models/sql/query.py", line 1678, in _add_q
    child_clause, needed_inner = self.build_filter(
  File "/media/allano/53CE082D539E52ED/_pD_BE/booking_app_BE/venv/lib/python3.10/site-packages/django/db/models/sql/query.py", line 1588, in build_filter
    condition = self.build_lookup(lookups, col, value)
  File "/media/allano/53CE082D539E52ED/_pD_BE/booking_app_BE/venv/lib/python3.10/site-packages/django/db/models/sql/query.py", line 1415, in build_lookup
    lookup = lookup_class(lhs, rhs)
  File "/media/allano/53CE082D539E52ED/_pD_BE/booking_app_BE/venv/lib/python3.10/site-packages/django/db/models/lookups.py", line 38, in __init__
    self.rhs = self.get_prep_lookup()
  File "/media/allano/53CE082D539E52ED/_pD_BE/booking_app_BE/venv/lib/python3.10/site-packages/django/db/models/lookups.py", line 410, in get_prep_lookup
    return super().get_prep_lookup()
  File "/media/allano/53CE082D539E52ED/_pD_BE/booking_app_BE/venv/lib/python3.10/site-packages/django/db/models/lookups.py", line 96, in get_prep_lookup
    return self.lhs.output_field.get_prep_value(self.rhs)
  File "/media/allano/53CE082D539E52ED/_pD_BE/booking_app_BE/venv/lib/python3.10/site-packages/django/db/models/fields/__init__.py", line 2750, in get_prep_value
    return self.to_python(value)
  File "/media/allano/53CE082D539E52ED/_pD_BE/booking_app_BE/venv/lib/python3.10/site-packages/django/db/models/fields/__init__.py", line 2768, in to_python
    raise exceptions.ValidationError(
django.core.exceptions.ValidationError: ["“{'property_id': UUID('275115dc-ae03-4a15-b699-3a70ef7f1a67')}” is not a valid UUID."]
ERROR 2025-07-27 01:47:54,440 log Internal Server Error: /api/bookings/
Traceback (most recent call last):
  File "/media/allano/53CE082D539E52ED/_pD_BE/booking_app_BE/venv/lib/python3.10/site-packages/django/db/models/fields/__init__.py", line 2766, in to_python
    return uuid.UUID(**{input_form: value})
  File "/usr/lib/python3.10/uuid.py", line 174, in __init__
    hex = hex.replace('urn:', '').replace('uuid:', '')
AttributeError: 'dict' object has no attribute 'replace'

During handling of the above exception, another exception occurred:

Traceback (most recent call last):
  File "/media/allano/53CE082D539E52ED/_pD_BE/booking_app_BE/venv/lib/python3.10/site-packages/django/core/handlers/exception.py", line 55, in inner
    response = get_response(request)
  File "/media/allano/53CE082D539E52ED/_pD_BE/booking_app_BE/venv/lib/python3.10/site-packages/django/core/handlers/base.py", line 197, in _get_response
    response = wrapped_callback(request, *callback_args, **callback_kwargs)
  File "/media/allano/53CE082D539E52ED/_pD_BE/booking_app_BE/venv/lib/python3.10/site-packages/django/views/decorators/csrf.py", line 65, in _view_wrapper
    return view_func(request, *args, **kwargs)
  File "/media/allano/53CE082D539E52ED/_pD_BE/booking_app_BE/venv/lib/python3.10/site-packages/rest_framework/viewsets.py", line 125, in view
    return self.dispatch(request, *args, **kwargs)
  File "/media/allano/53CE082D539E52ED/_pD_BE/booking_app_BE/venv/lib/python3.10/site-packages/rest_framework/views.py", line 515, in dispatch
    response = self.handle_exception(exc)
  File "/media/allano/53CE082D539E52ED/_pD_BE/booking_app_BE/venv/lib/python3.10/site-packages/rest_framework/views.py", line 475, in handle_exception
    self.raise_uncaught_exception(exc)
  File "/media/allano/53CE082D539E52ED/_pD_BE/booking_app_BE/venv/lib/python3.10/site-packages/rest_framework/views.py", line 486, in raise_uncaught_exception
    raise exc
  File "/media/allano/53CE082D539E52ED/_pD_BE/booking_app_BE/venv/lib/python3.10/site-packages/rest_framework/views.py", line 512, in dispatch
    response = handler(request, *args, **kwargs)
  File "/media/allano/53CE082D539E52ED/_pD_BE/booking_app_BE/booking_app/bookings/views/booking_views.py", line 64, in create
    booking = BookingService.create_booking(request.user, serializer.validated_data)
  File "/media/allano/53CE082D539E52ED/_pD_BE/booking_app_BE/booking_app/bookings/services/booking_service.py", line 51, in create_booking
    listing = Listing.objects.select_for_update().get(property_id = listing_id)
  File "/media/allano/53CE082D539E52ED/_pD_BE/booking_app_BE/venv/lib/python3.10/site-packages/django/db/models/query.py", line 619, in get
    clone = self._chain() if self.query.combinator else self.filter(*args, **kwargs)
  File "/media/allano/53CE082D539E52ED/_pD_BE/booking_app_BE/venv/lib/python3.10/site-packages/django/db/models/query.py", line 1493, in filter
    return self._filter_or_exclude(False, args, kwargs)
  File "/media/allano/53CE082D539E52ED/_pD_BE/booking_app_BE/venv/lib/python3.10/site-packages/django/db/models/query.py", line 1511, in _filter_or_exclude
    clone._filter_or_exclude_inplace(negate, args, kwargs)
  File "/media/allano/53CE082D539E52ED/_pD_BE/booking_app_BE/venv/lib/python3.10/site-packages/django/db/models/query.py", line 1518, in _filter_or_exclude_inplace
    self._query.add_q(Q(*args, **kwargs))
  File "/media/allano/53CE082D539E52ED/_pD_BE/booking_app_BE/venv/lib/python3.10/site-packages/django/db/models/sql/query.py", line 1646, in add_q
    clause, _ = self._add_q(q_object, can_reuse)
  File "/media/allano/53CE082D539E52ED/_pD_BE/booking_app_BE/venv/lib/python3.10/site-packages/django/db/models/sql/query.py", line 1678, in _add_q
    child_clause, needed_inner = self.build_filter(
  File "/media/allano/53CE082D539E52ED/_pD_BE/booking_app_BE/venv/lib/python3.10/site-packages/django/db/models/sql/query.py", line 1588, in build_filter
    condition = self.build_lookup(lookups, col, value)
  File "/media/allano/53CE082D539E52ED/_pD_BE/booking_app_BE/venv/lib/python3.10/site-packages/django/db/models/sql/query.py", line 1415, in build_lookup
    lookup = lookup_class(lhs, rhs)
  File "/media/allano/53CE082D539E52ED/_pD_BE/booking_app_BE/venv/lib/python3.10/site-packages/django/db/models/lookups.py", line 38, in __init__
    self.rhs = self.get_prep_lookup()
  File "/media/allano/53CE082D539E52ED/_pD_BE/booking_app_BE/venv/lib/python3.10/site-packages/django/db/models/lookups.py", line 410, in get_prep_lookup
    return super().get_prep_lookup()
  File "/media/allano/53CE082D539E52ED/_pD_BE/booking_app_BE/venv/lib/python3.10/site-packages/django/db/models/lookups.py", line 96, in get_prep_lookup
    return self.lhs.output_field.get_prep_value(self.rhs)
  File "/media/allano/53CE082D539E52ED/_pD_BE/booking_app_BE/venv/lib/python3.10/site-packages/django/db/models/fields/__init__.py", line 2750, in get_prep_value
    return self.to_python(value)
  File "/media/allano/53CE082D539E52ED/_pD_BE/booking_app_BE/venv/lib/python3.10/site-packages/django/db/models/fields/__init__.py", line 2768, in to_python
    raise exceptions.ValidationError(
django.core.exceptions.ValidationError: ["“{'property_id': UUID('275115dc-ae03-4a15-b699-3a70ef7f1a67')}” is not a valid UUID."]
ERROR 2025-07-27 01:47:54,452 basehttp "POST /api/bookings/ HTTP/1.1" 500 190063
INFO 2025-07-27 01:47:56,297 basehttp "GET /api/bookings/ HTTP/1.1" 200 24490
ERROR 2025-07-27 01:48:02,554 log Internal Server Error: /api/bookings/
Traceback (most recent call last):
  File "/media/allano/53CE082D539E52ED/_pD_BE/booking_app_BE/venv/lib/python3.10/site-packages/django/db/models/fields/__init__.py", line 2766, in to_python
    return uuid.UUID(**{input_form: value})
  File "/usr/lib/python3.10/uuid.py", line 174, in __init__
    hex = hex.replace('urn:', '').replace('uuid:', '')
AttributeError: 'dict' object has no attribute 'replace'

During handling of the above exception, another exception occurred:

Traceback (most recent call last):
  File "/media/allano/53CE082D539E52ED/_pD_BE/booking_app_BE/venv/lib/python3.10/site-packages/django/core/handlers/exception.py", line 55, in inner
    response = get_response(request)
  File "/media/allano/53CE082D539E52ED/_pD_BE/booking_app_BE/venv/lib/python3.10/site-packages/django/core/handlers/base.py", line 197, in _get_response
    response = wrapped_callback(request, *callback_args, **callback_kwargs)
  File "/media/allano/53CE082D539E52ED/_pD_BE/booking_app_BE/venv/lib/python3.10/site-packages/django/views/decorators/csrf.py", line 65, in _view_wrapper
    return view_func(request, *args, **kwargs)
  File "/media/allano/53CE082D539E52ED/_pD_BE/booking_app_BE/venv/lib/python3.10/site-packages/rest_framework/viewsets.py", line 125, in view
    return self.dispatch(request, *args, **kwargs)
  File "/media/allano/53CE082D539E52ED/_pD_BE/booking_app_BE/venv/lib/python3.10/site-packages/rest_framework/views.py", line 515, in dispatch
    response = self.handle_exception(exc)
  File "/media/allano/53CE082D539E52ED/_pD_BE/booking_app_BE/venv/lib/python3.10/site-packages/rest_framework/views.py", line 475, in handle_exception
    self.raise_uncaught_exception(exc)
  File "/media/allano/53CE082D539E52ED/_pD_BE/booking_app_BE/venv/lib/python3.10/site-packages/rest_framework/views.py", line 486, in raise_uncaught_exception
    raise exc
  File "/media/allano/53CE082D539E52ED/_pD_BE/booking_app_BE/venv/lib/python3.10/site-packages/rest_framework/views.py", line 512, in dispatch
    response = handler(request, *args, **kwargs)
  File "/media/allano/53CE082D539E52ED/_pD_BE/booking_app_BE/booking_app/bookings/views/booking_views.py", line 64, in create
    booking = BookingService.create_booking(request.user, serializer.validated_data)
  File "/media/allano/53CE082D539E52ED/_pD_BE/booking_app_BE/booking_app/bookings/services/booking_service.py", line 51, in create_booking
    listing = Listing.objects.select_for_update().get(property_id = listing_id)
  File "/media/allano/53CE082D539E52ED/_pD_BE/booking_app_BE/venv/lib/python3.10/site-packages/django/db/models/query.py", line 619, in get
    clone = self._chain() if self.query.combinator else self.filter(*args, **kwargs)
  File "/media/allano/53CE082D539E52ED/_pD_BE/booking_app_BE/venv/lib/python3.10/site-packages/django/db/models/query.py", line 1493, in filter
    return self._filter_or_exclude(False, args, kwargs)
  File "/media/allano/53CE082D539E52ED/_pD_BE/booking_app_BE/venv/lib/python3.10/site-packages/django/db/models/query.py", line 1511, in _filter_or_exclude
    clone._filter_or_exclude_inplace(negate, args, kwargs)
  File "/media/allano/53CE082D539E52ED/_pD_BE/booking_app_BE/venv/lib/python3.10/site-packages/django/db/models/query.py", line 1518, in _filter_or_exclude_inplace
    self._query.add_q(Q(*args, **kwargs))
  File "/media/allano/53CE082D539E52ED/_pD_BE/booking_app_BE/venv/lib/python3.10/site-packages/django/db/models/sql/query.py", line 1646, in add_q
    clause, _ = self._add_q(q_object, can_reuse)
  File "/media/allano/53CE082D539E52ED/_pD_BE/booking_app_BE/venv/lib/python3.10/site-packages/django/db/models/sql/query.py", line 1678, in _add_q
    child_clause, needed_inner = self.build_filter(
  File "/media/allano/53CE082D539E52ED/_pD_BE/booking_app_BE/venv/lib/python3.10/site-packages/django/db/models/sql/query.py", line 1588, in build_filter
    condition = self.build_lookup(lookups, col, value)
  File "/media/allano/53CE082D539E52ED/_pD_BE/booking_app_BE/venv/lib/python3.10/site-packages/django/db/models/sql/query.py", line 1415, in build_lookup
    lookup = lookup_class(lhs, rhs)
  File "/media/allano/53CE082D539E52ED/_pD_BE/booking_app_BE/venv/lib/python3.10/site-packages/django/db/models/lookups.py", line 38, in __init__
    self.rhs = self.get_prep_lookup()
  File "/media/allano/53CE082D539E52ED/_pD_BE/booking_app_BE/venv/lib/python3.10/site-packages/django/db/models/lookups.py", line 410, in get_prep_lookup
    return super().get_prep_lookup()
  File "/media/allano/53CE082D539E52ED/_pD_BE/booking_app_BE/venv/lib/python3.10/site-packages/django/db/models/lookups.py", line 96, in get_prep_lookup
    return self.lhs.output_field.get_prep_value(self.rhs)
  File "/media/allano/53CE082D539E52ED/_pD_BE/booking_app_BE/venv/lib/python3.10/site-packages/django/db/models/fields/__init__.py", line 2750, in get_prep_value
    return self.to_python(value)
  File "/media/allano/53CE082D539E52ED/_pD_BE/booking_app_BE/venv/lib/python3.10/site-packages/django/db/models/fields/__init__.py", line 2768, in to_python
    raise exceptions.ValidationError(
django.core.exceptions.ValidationError: ["“{'property_id': UUID('275115dc-ae03-4a15-b699-3a70ef7f1a67')}” is not a valid UUID."]
ERROR 2025-07-27 01:48:02,554 log Internal Server Error: /api/bookings/
Traceback (most recent call last):
  File "/media/allano/53CE082D539E52ED/_pD_BE/booking_app_BE/venv/lib/python3.10/site-packages/django/db/models/fields/__init__.py", line 2766, in to_python
    return uuid.UUID(**{input_form: value})
  File "/usr/lib/python3.10/uuid.py", line 174, in __init__
    hex = hex.replace('urn:', '').replace('uuid:', '')
AttributeError: 'dict' object has no attribute 'replace'

During handling of the above exception, another exception occurred:

Traceback (most recent call last):
  File "/media/allano/53CE082D539E52ED/_pD_BE/booking_app_BE/venv/lib/python3.10/site-packages/django/core/handlers/exception.py", line 55, in inner
    response = get_response(request)
  File "/media/allano/53CE082D539E52ED/_pD_BE/booking_app_BE/venv/lib/python3.10/site-packages/django/core/handlers/base.py", line 197, in _get_response
    response = wrapped_callback(request, *callback_args, **callback_kwargs)
  File "/media/allano/53CE082D539E52ED/_pD_BE/booking_app_BE/venv/lib/python3.10/site-packages/django/views/decorators/csrf.py", line 65, in _view_wrapper
    return view_func(request, *args, **kwargs)
  File "/media/allano/53CE082D539E52ED/_pD_BE/booking_app_BE/venv/lib/python3.10/site-packages/rest_framework/viewsets.py", line 125, in view
    return self.dispatch(request, *args, **kwargs)
  File "/media/allano/53CE082D539E52ED/_pD_BE/booking_app_BE/venv/lib/python3.10/site-packages/rest_framework/views.py", line 515, in dispatch
    response = self.handle_exception(exc)
  File "/media/allano/53CE082D539E52ED/_pD_BE/booking_app_BE/venv/lib/python3.10/site-packages/rest_framework/views.py", line 475, in handle_exception
    self.raise_uncaught_exception(exc)
  File "/media/allano/53CE082D539E52ED/_pD_BE/booking_app_BE/venv/lib/python3.10/site-packages/rest_framework/views.py", line 486, in raise_uncaught_exception
    raise exc
  File "/media/allano/53CE082D539E52ED/_pD_BE/booking_app_BE/venv/lib/python3.10/site-packages/rest_framework/views.py", line 512, in dispatch
    response = handler(request, *args, **kwargs)
  File "/media/allano/53CE082D539E52ED/_pD_BE/booking_app_BE/booking_app/bookings/views/booking_views.py", line 64, in create
    booking = BookingService.create_booking(request.user, serializer.validated_data)
  File "/media/allano/53CE082D539E52ED/_pD_BE/booking_app_BE/booking_app/bookings/services/booking_service.py", line 51, in create_booking
    listing = Listing.objects.select_for_update().get(property_id = listing_id)
  File "/media/allano/53CE082D539E52ED/_pD_BE/booking_app_BE/venv/lib/python3.10/site-packages/django/db/models/query.py", line 619, in get
    clone = self._chain() if self.query.combinator else self.filter(*args, **kwargs)
  File "/media/allano/53CE082D539E52ED/_pD_BE/booking_app_BE/venv/lib/python3.10/site-packages/django/db/models/query.py", line 1493, in filter
    return self._filter_or_exclude(False, args, kwargs)
  File "/media/allano/53CE082D539E52ED/_pD_BE/booking_app_BE/venv/lib/python3.10/site-packages/django/db/models/query.py", line 1511, in _filter_or_exclude
    clone._filter_or_exclude_inplace(negate, args, kwargs)
  File "/media/allano/53CE082D539E52ED/_pD_BE/booking_app_BE/venv/lib/python3.10/site-packages/django/db/models/query.py", line 1518, in _filter_or_exclude_inplace
    self._query.add_q(Q(*args, **kwargs))
  File "/media/allano/53CE082D539E52ED/_pD_BE/booking_app_BE/venv/lib/python3.10/site-packages/django/db/models/sql/query.py", line 1646, in add_q
    clause, _ = self._add_q(q_object, can_reuse)
  File "/media/allano/53CE082D539E52ED/_pD_BE/booking_app_BE/venv/lib/python3.10/site-packages/django/db/models/sql/query.py", line 1678, in _add_q
    child_clause, needed_inner = self.build_filter(
  File "/media/allano/53CE082D539E52ED/_pD_BE/booking_app_BE/venv/lib/python3.10/site-packages/django/db/models/sql/query.py", line 1588, in build_filter
    condition = self.build_lookup(lookups, col, value)
  File "/media/allano/53CE082D539E52ED/_pD_BE/booking_app_BE/venv/lib/python3.10/site-packages/django/db/models/sql/query.py", line 1415, in build_lookup
    lookup = lookup_class(lhs, rhs)
  File "/media/allano/53CE082D539E52ED/_pD_BE/booking_app_BE/venv/lib/python3.10/site-packages/django/db/models/lookups.py", line 38, in __init__
    self.rhs = self.get_prep_lookup()
  File "/media/allano/53CE082D539E52ED/_pD_BE/booking_app_BE/venv/lib/python3.10/site-packages/django/db/models/lookups.py", line 410, in get_prep_lookup
    return super().get_prep_lookup()
  File "/media/allano/53CE082D539E52ED/_pD_BE/booking_app_BE/venv/lib/python3.10/site-packages/django/db/models/lookups.py", line 96, in get_prep_lookup
    return self.lhs.output_field.get_prep_value(self.rhs)
  File "/media/allano/53CE082D539E52ED/_pD_BE/booking_app_BE/venv/lib/python3.10/site-packages/django/db/models/fields/__init__.py", line 2750, in get_prep_value
    return self.to_python(value)
  File "/media/allano/53CE082D539E52ED/_pD_BE/booking_app_BE/venv/lib/python3.10/site-packages/django/db/models/fields/__init__.py", line 2768, in to_python
    raise exceptions.ValidationError(
django.core.exceptions.ValidationError: ["“{'property_id': UUID('275115dc-ae03-4a15-b699-3a70ef7f1a67')}” is not a valid UUID."]
ERROR 2025-07-27 01:48:02,570 basehttp "POST /api/bookings/ HTTP/1.1" 500 190063
ERROR 2025-07-27 01:48:16,305 log Internal Server Error: /api/bookings/
Traceback (most recent call last):
  File "/media/allano/53CE082D539E52ED/_pD_BE/booking_app_BE/venv/lib/python3.10/site-packages/django/db/models/fields/__init__.py", line 2766, in to_python
    return uuid.UUID(**{input_form: value})
  File "/usr/lib/python3.10/uuid.py", line 174, in __init__
    hex = hex.replace('urn:', '').replace('uuid:', '')
AttributeError: 'dict' object has no attribute 'replace'

During handling of the above exception, another exception occurred:

Traceback (most recent call last):
  File "/media/allano/53CE082D539E52ED/_pD_BE/booking_app_BE/venv/lib/python3.10/site-packages/django/core/handlers/exception.py", line 55, in inner
    response = get_response(request)
  File "/media/allano/53CE082D539E52ED/_pD_BE/booking_app_BE/venv/lib/python3.10/site-packages/django/core/handlers/base.py", line 197, in _get_response
    response = wrapped_callback(request, *callback_args, **callback_kwargs)
  File "/media/allano/53CE082D539E52ED/_pD_BE/booking_app_BE/venv/lib/python3.10/site-packages/django/views/decorators/csrf.py", line 65, in _view_wrapper
    return view_func(request, *args, **kwargs)
  File "/media/allano/53CE082D539E52ED/_pD_BE/booking_app_BE/venv/lib/python3.10/site-packages/rest_framework/viewsets.py", line 125, in view
    return self.dispatch(request, *args, **kwargs)
  File "/media/allano/53CE082D539E52ED/_pD_BE/booking_app_BE/venv/lib/python3.10/site-packages/rest_framework/views.py", line 515, in dispatch
    response = self.handle_exception(exc)
  File "/media/allano/53CE082D539E52ED/_pD_BE/booking_app_BE/venv/lib/python3.10/site-packages/rest_framework/views.py", line 475, in handle_exception
    self.raise_uncaught_exception(exc)
  File "/media/allano/53CE082D539E52ED/_pD_BE/booking_app_BE/venv/lib/python3.10/site-packages/rest_framework/views.py", line 486, in raise_uncaught_exception
    raise exc
  File "/media/allano/53CE082D539E52ED/_pD_BE/booking_app_BE/venv/lib/python3.10/site-packages/rest_framework/views.py", line 512, in dispatch
    response = handler(request, *args, **kwargs)
  File "/media/allano/53CE082D539E52ED/_pD_BE/booking_app_BE/booking_app/bookings/views/booking_views.py", line 64, in create
    booking = BookingService.create_booking(request.user, serializer.validated_data)
  File "/media/allano/53CE082D539E52ED/_pD_BE/booking_app_BE/booking_app/bookings/services/booking_service.py", line 51, in create_booking
    listing = Listing.objects.select_for_update().get(property_id = listing_id)
  File "/media/allano/53CE082D539E52ED/_pD_BE/booking_app_BE/venv/lib/python3.10/site-packages/django/db/models/query.py", line 619, in get
    clone = self._chain() if self.query.combinator else self.filter(*args, **kwargs)
  File "/media/allano/53CE082D539E52ED/_pD_BE/booking_app_BE/venv/lib/python3.10/site-packages/django/db/models/query.py", line 1493, in filter
    return self._filter_or_exclude(False, args, kwargs)
  File "/media/allano/53CE082D539E52ED/_pD_BE/booking_app_BE/venv/lib/python3.10/site-packages/django/db/models/query.py", line 1511, in _filter_or_exclude
    clone._filter_or_exclude_inplace(negate, args, kwargs)
  File "/media/allano/53CE082D539E52ED/_pD_BE/booking_app_BE/venv/lib/python3.10/site-packages/django/db/models/query.py", line 1518, in _filter_or_exclude_inplace
    self._query.add_q(Q(*args, **kwargs))
  File "/media/allano/53CE082D539E52ED/_pD_BE/booking_app_BE/venv/lib/python3.10/site-packages/django/db/models/sql/query.py", line 1646, in add_q
    clause, _ = self._add_q(q_object, can_reuse)
  File "/media/allano/53CE082D539E52ED/_pD_BE/booking_app_BE/venv/lib/python3.10/site-packages/django/db/models/sql/query.py", line 1678, in _add_q
    child_clause, needed_inner = self.build_filter(
  File "/media/allano/53CE082D539E52ED/_pD_BE/booking_app_BE/venv/lib/python3.10/site-packages/django/db/models/sql/query.py", line 1588, in build_filter
    condition = self.build_lookup(lookups, col, value)
  File "/media/allano/53CE082D539E52ED/_pD_BE/booking_app_BE/venv/lib/python3.10/site-packages/django/db/models/sql/query.py", line 1415, in build_lookup
    lookup = lookup_class(lhs, rhs)
  File "/media/allano/53CE082D539E52ED/_pD_BE/booking_app_BE/venv/lib/python3.10/site-packages/django/db/models/lookups.py", line 38, in __init__
    self.rhs = self.get_prep_lookup()
  File "/media/allano/53CE082D539E52ED/_pD_BE/booking_app_BE/venv/lib/python3.10/site-packages/django/db/models/lookups.py", line 410, in get_prep_lookup
    return super().get_prep_lookup()
  File "/media/allano/53CE082D539E52ED/_pD_BE/booking_app_BE/venv/lib/python3.10/site-packages/django/db/models/lookups.py", line 96, in get_prep_lookup
    return self.lhs.output_field.get_prep_value(self.rhs)
  File "/media/allano/53CE082D539E52ED/_pD_BE/booking_app_BE/venv/lib/python3.10/site-packages/django/db/models/fields/__init__.py", line 2750, in get_prep_value
    return self.to_python(value)
  File "/media/allano/53CE082D539E52ED/_pD_BE/booking_app_BE/venv/lib/python3.10/site-packages/django/db/models/fields/__init__.py", line 2768, in to_python
    raise exceptions.ValidationError(
django.core.exceptions.ValidationError: ["“{'property_id': UUID('275115dc-ae03-4a15-b699-3a70ef7f1a67')}” is not a valid UUID."]
ERROR 2025-07-27 01:48:16,305 log Internal Server Error: /api/bookings/
Traceback (most recent call last):
  File "/media/allano/53CE082D539E52ED/_pD_BE/booking_app_BE/venv/lib/python3.10/site-packages/django/db/models/fields/__init__.py", line 2766, in to_python
    return uuid.UUID(**{input_form: value})
  File "/usr/lib/python3.10/uuid.py", line 174, in __init__
    hex = hex.replace('urn:', '').replace('uuid:', '')
AttributeError: 'dict' object has no attribute 'replace'

During handling of the above exception, another exception occurred:

Traceback (most recent call last):
  File "/media/allano/53CE082D539E52ED/_pD_BE/booking_app_BE/venv/lib/python3.10/site-packages/django/core/handlers/exception.py", line 55, in inner
    response = get_response(request)
  File "/media/allano/53CE082D539E52ED/_pD_BE/booking_app_BE/venv/lib/python3.10/site-packages/django/core/handlers/base.py", line 197, in _get_response
    response = wrapped_callback(request, *callback_args, **callback_kwargs)
  File "/media/allano/53CE082D539E52ED/_pD_BE/booking_app_BE/venv/lib/python3.10/site-packages/django/views/decorators/csrf.py", line 65, in _view_wrapper
    return view_func(request, *args, **kwargs)
  File "/media/allano/53CE082D539E52ED/_pD_BE/booking_app_BE/venv/lib/python3.10/site-packages/rest_framework/viewsets.py", line 125, in view
    return self.dispatch(request, *args, **kwargs)
  File "/media/allano/53CE082D539E52ED/_pD_BE/booking_app_BE/venv/lib/python3.10/site-packages/rest_framework/views.py", line 515, in dispatch
    response = self.handle_exception(exc)
  File "/media/allano/53CE082D539E52ED/_pD_BE/booking_app_BE/venv/lib/python3.10/site-packages/rest_framework/views.py", line 475, in handle_exception
    self.raise_uncaught_exception(exc)
  File "/media/allano/53CE082D539E52ED/_pD_BE/booking_app_BE/venv/lib/python3.10/site-packages/rest_framework/views.py", line 486, in raise_uncaught_exception
    raise exc
  File "/media/allano/53CE082D539E52ED/_pD_BE/booking_app_BE/venv/lib/python3.10/site-packages/rest_framework/views.py", line 512, in dispatch
    response = handler(request, *args, **kwargs)
  File "/media/allano/53CE082D539E52ED/_pD_BE/booking_app_BE/booking_app/bookings/views/booking_views.py", line 64, in create
    booking = BookingService.create_booking(request.user, serializer.validated_data)
  File "/media/allano/53CE082D539E52ED/_pD_BE/booking_app_BE/booking_app/bookings/services/booking_service.py", line 51, in create_booking
    listing = Listing.objects.select_for_update().get(property_id = listing_id)
  File "/media/allano/53CE082D539E52ED/_pD_BE/booking_app_BE/venv/lib/python3.10/site-packages/django/db/models/query.py", line 619, in get
    clone = self._chain() if self.query.combinator else self.filter(*args, **kwargs)
  File "/media/allano/53CE082D539E52ED/_pD_BE/booking_app_BE/venv/lib/python3.10/site-packages/django/db/models/query.py", line 1493, in filter
    return self._filter_or_exclude(False, args, kwargs)
  File "/media/allano/53CE082D539E52ED/_pD_BE/booking_app_BE/venv/lib/python3.10/site-packages/django/db/models/query.py", line 1511, in _filter_or_exclude
    clone._filter_or_exclude_inplace(negate, args, kwargs)
  File "/media/allano/53CE082D539E52ED/_pD_BE/booking_app_BE/venv/lib/python3.10/site-packages/django/db/models/query.py", line 1518, in _filter_or_exclude_inplace
    self._query.add_q(Q(*args, **kwargs))
  File "/media/allano/53CE082D539E52ED/_pD_BE/booking_app_BE/venv/lib/python3.10/site-packages/django/db/models/sql/query.py", line 1646, in add_q
    clause, _ = self._add_q(q_object, can_reuse)
  File "/media/allano/53CE082D539E52ED/_pD_BE/booking_app_BE/venv/lib/python3.10/site-packages/django/db/models/sql/query.py", line 1678, in _add_q
    child_clause, needed_inner = self.build_filter(
  File "/media/allano/53CE082D539E52ED/_pD_BE/booking_app_BE/venv/lib/python3.10/site-packages/django/db/models/sql/query.py", line 1588, in build_filter
    condition = self.build_lookup(lookups, col, value)
  File "/media/allano/53CE082D539E52ED/_pD_BE/booking_app_BE/venv/lib/python3.10/site-packages/django/db/models/sql/query.py", line 1415, in build_lookup
    lookup = lookup_class(lhs, rhs)
  File "/media/allano/53CE082D539E52ED/_pD_BE/booking_app_BE/venv/lib/python3.10/site-packages/django/db/models/lookups.py", line 38, in __init__
    self.rhs = self.get_prep_lookup()
  File "/media/allano/53CE082D539E52ED/_pD_BE/booking_app_BE/venv/lib/python3.10/site-packages/django/db/models/lookups.py", line 410, in get_prep_lookup
    return super().get_prep_lookup()
  File "/media/allano/53CE082D539E52ED/_pD_BE/booking_app_BE/venv/lib/python3.10/site-packages/django/db/models/lookups.py", line 96, in get_prep_lookup
    return self.lhs.output_field.get_prep_value(self.rhs)
  File "/media/allano/53CE082D539E52ED/_pD_BE/booking_app_BE/venv/lib/python3.10/site-packages/django/db/models/fields/__init__.py", line 2750, in get_prep_value
    return self.to_python(value)
  File "/media/allano/53CE082D539E52ED/_pD_BE/booking_app_BE/venv/lib/python3.10/site-packages/django/db/models/fields/__init__.py", line 2768, in to_python
    raise exceptions.ValidationError(
django.core.exceptions.ValidationError: ["“{'property_id': UUID('275115dc-ae03-4a15-b699-3a70ef7f1a67')}” is not a valid UUID."]
ERROR 2025-07-27 01:48:16,321 basehttp "POST /api/bookings/ HTTP/1.1" 500 190063
ERROR 2025-07-27 01:48:29,215 log Internal Server Error: /api/bookings/
Traceback (most recent call last):
  File "/media/allano/53CE082D539E52ED/_pD_BE/booking_app_BE/venv/lib/python3.10/site-packages/django/db/models/fields/__init__.py", line 2766, in to_python
    return uuid.UUID(**{input_form: value})
  File "/usr/lib/python3.10/uuid.py", line 174, in __init__
    hex = hex.replace('urn:', '').replace('uuid:', '')
AttributeError: 'dict' object has no attribute 'replace'

During handling of the above exception, another exception occurred:

Traceback (most recent call last):
  File "/media/allano/53CE082D539E52ED/_pD_BE/booking_app_BE/venv/lib/python3.10/site-packages/django/core/handlers/exception.py", line 55, in inner
    response = get_response(request)
  File "/media/allano/53CE082D539E52ED/_pD_BE/booking_app_BE/venv/lib/python3.10/site-packages/django/core/handlers/base.py", line 197, in _get_response
    response = wrapped_callback(request, *callback_args, **callback_kwargs)
  File "/media/allano/53CE082D539E52ED/_pD_BE/booking_app_BE/venv/lib/python3.10/site-packages/django/views/decorators/csrf.py", line 65, in _view_wrapper
    return view_func(request, *args, **kwargs)
  File "/media/allano/53CE082D539E52ED/_pD_BE/booking_app_BE/venv/lib/python3.10/site-packages/rest_framework/viewsets.py", line 125, in view
    return self.dispatch(request, *args, **kwargs)
  File "/media/allano/53CE082D539E52ED/_pD_BE/booking_app_BE/venv/lib/python3.10/site-packages/rest_framework/views.py", line 515, in dispatch
    response = self.handle_exception(exc)
  File "/media/allano/53CE082D539E52ED/_pD_BE/booking_app_BE/venv/lib/python3.10/site-packages/rest_framework/views.py", line 475, in handle_exception
    self.raise_uncaught_exception(exc)
  File "/media/allano/53CE082D539E52ED/_pD_BE/booking_app_BE/venv/lib/python3.10/site-packages/rest_framework/views.py", line 486, in raise_uncaught_exception
    raise exc
  File "/media/allano/53CE082D539E52ED/_pD_BE/booking_app_BE/venv/lib/python3.10/site-packages/rest_framework/views.py", line 512, in dispatch
    response = handler(request, *args, **kwargs)
  File "/media/allano/53CE082D539E52ED/_pD_BE/booking_app_BE/booking_app/bookings/views/booking_views.py", line 64, in create
    booking = BookingService.create_booking(request.user, serializer.validated_data)
  File "/media/allano/53CE082D539E52ED/_pD_BE/booking_app_BE/booking_app/bookings/services/booking_service.py", line 51, in create_booking
    listing = Listing.objects.select_for_update().get(property_id = listing_id)
  File "/media/allano/53CE082D539E52ED/_pD_BE/booking_app_BE/venv/lib/python3.10/site-packages/django/db/models/query.py", line 619, in get
    clone = self._chain() if self.query.combinator else self.filter(*args, **kwargs)
  File "/media/allano/53CE082D539E52ED/_pD_BE/booking_app_BE/venv/lib/python3.10/site-packages/django/db/models/query.py", line 1493, in filter
    return self._filter_or_exclude(False, args, kwargs)
  File "/media/allano/53CE082D539E52ED/_pD_BE/booking_app_BE/venv/lib/python3.10/site-packages/django/db/models/query.py", line 1511, in _filter_or_exclude
    clone._filter_or_exclude_inplace(negate, args, kwargs)
  File "/media/allano/53CE082D539E52ED/_pD_BE/booking_app_BE/venv/lib/python3.10/site-packages/django/db/models/query.py", line 1518, in _filter_or_exclude_inplace
    self._query.add_q(Q(*args, **kwargs))
  File "/media/allano/53CE082D539E52ED/_pD_BE/booking_app_BE/venv/lib/python3.10/site-packages/django/db/models/sql/query.py", line 1646, in add_q
    clause, _ = self._add_q(q_object, can_reuse)
  File "/media/allano/53CE082D539E52ED/_pD_BE/booking_app_BE/venv/lib/python3.10/site-packages/django/db/models/sql/query.py", line 1678, in _add_q
    child_clause, needed_inner = self.build_filter(
  File "/media/allano/53CE082D539E52ED/_pD_BE/booking_app_BE/venv/lib/python3.10/site-packages/django/db/models/sql/query.py", line 1588, in build_filter
    condition = self.build_lookup(lookups, col, value)
  File "/media/allano/53CE082D539E52ED/_pD_BE/booking_app_BE/venv/lib/python3.10/site-packages/django/db/models/sql/query.py", line 1415, in build_lookup
    lookup = lookup_class(lhs, rhs)
  File "/media/allano/53CE082D539E52ED/_pD_BE/booking_app_BE/venv/lib/python3.10/site-packages/django/db/models/lookups.py", line 38, in __init__
    self.rhs = self.get_prep_lookup()
  File "/media/allano/53CE082D539E52ED/_pD_BE/booking_app_BE/venv/lib/python3.10/site-packages/django/db/models/lookups.py", line 410, in get_prep_lookup
    return super().get_prep_lookup()
  File "/media/allano/53CE082D539E52ED/_pD_BE/booking_app_BE/venv/lib/python3.10/site-packages/django/db/models/lookups.py", line 96, in get_prep_lookup
    return self.lhs.output_field.get_prep_value(self.rhs)
  File "/media/allano/53CE082D539E52ED/_pD_BE/booking_app_BE/venv/lib/python3.10/site-packages/django/db/models/fields/__init__.py", line 2750, in get_prep_value
    return self.to_python(value)
  File "/media/allano/53CE082D539E52ED/_pD_BE/booking_app_BE/venv/lib/python3.10/site-packages/django/db/models/fields/__init__.py", line 2768, in to_python
    raise exceptions.ValidationError(
django.core.exceptions.ValidationError: ["“{'property_id': UUID('440f9ad5-ba10-4a09-a91d-a62a075c4f57')}” is not a valid UUID."]
ERROR 2025-07-27 01:48:29,215 log Internal Server Error: /api/bookings/
Traceback (most recent call last):
  File "/media/allano/53CE082D539E52ED/_pD_BE/booking_app_BE/venv/lib/python3.10/site-packages/django/db/models/fields/__init__.py", line 2766, in to_python
    return uuid.UUID(**{input_form: value})
  File "/usr/lib/python3.10/uuid.py", line 174, in __init__
    hex = hex.replace('urn:', '').replace('uuid:', '')
AttributeError: 'dict' object has no attribute 'replace'

During handling of the above exception, another exception occurred:

Traceback (most recent call last):
  File "/media/allano/53CE082D539E52ED/_pD_BE/booking_app_BE/venv/lib/python3.10/site-packages/django/core/handlers/exception.py", line 55, in inner
    response = get_response(request)
  File "/media/allano/53CE082D539E52ED/_pD_BE/booking_app_BE/venv/lib/python3.10/site-packages/django/core/handlers/base.py", line 197, in _get_response
    response = wrapped_callback(request, *callback_args, **callback_kwargs)
  File "/media/allano/53CE082D539E52ED/_pD_BE/booking_app_BE/venv/lib/python3.10/site-packages/django/views/decorators/csrf.py", line 65, in _view_wrapper
    return view_func(request, *args, **kwargs)
  File "/media/allano/53CE082D539E52ED/_pD_BE/booking_app_BE/venv/lib/python3.10/site-packages/rest_framework/viewsets.py", line 125, in view
    return self.dispatch(request, *args, **kwargs)
  File "/media/allano/53CE082D539E52ED/_pD_BE/booking_app_BE/venv/lib/python3.10/site-packages/rest_framework/views.py", line 515, in dispatch
    response = self.handle_exception(exc)
  File "/media/allano/53CE082D539E52ED/_pD_BE/booking_app_BE/venv/lib/python3.10/site-packages/rest_framework/views.py", line 475, in handle_exception
    self.raise_uncaught_exception(exc)
  File "/media/allano/53CE082D539E52ED/_pD_BE/booking_app_BE/venv/lib/python3.10/site-packages/rest_framework/views.py", line 486, in raise_uncaught_exception
    raise exc
  File "/media/allano/53CE082D539E52ED/_pD_BE/booking_app_BE/venv/lib/python3.10/site-packages/rest_framework/views.py", line 512, in dispatch
    response = handler(request, *args, **kwargs)
  File "/media/allano/53CE082D539E52ED/_pD_BE/booking_app_BE/booking_app/bookings/views/booking_views.py", line 64, in create
    booking = BookingService.create_booking(request.user, serializer.validated_data)
  File "/media/allano/53CE082D539E52ED/_pD_BE/booking_app_BE/booking_app/bookings/services/booking_service.py", line 51, in create_booking
    listing = Listing.objects.select_for_update().get(property_id = listing_id)
  File "/media/allano/53CE082D539E52ED/_pD_BE/booking_app_BE/venv/lib/python3.10/site-packages/django/db/models/query.py", line 619, in get
    clone = self._chain() if self.query.combinator else self.filter(*args, **kwargs)
  File "/media/allano/53CE082D539E52ED/_pD_BE/booking_app_BE/venv/lib/python3.10/site-packages/django/db/models/query.py", line 1493, in filter
    return self._filter_or_exclude(False, args, kwargs)
  File "/media/allano/53CE082D539E52ED/_pD_BE/booking_app_BE/venv/lib/python3.10/site-packages/django/db/models/query.py", line 1511, in _filter_or_exclude
    clone._filter_or_exclude_inplace(negate, args, kwargs)
  File "/media/allano/53CE082D539E52ED/_pD_BE/booking_app_BE/venv/lib/python3.10/site-packages/django/db/models/query.py", line 1518, in _filter_or_exclude_inplace
    self._query.add_q(Q(*args, **kwargs))
  File "/media/allano/53CE082D539E52ED/_pD_BE/booking_app_BE/venv/lib/python3.10/site-packages/django/db/models/sql/query.py", line 1646, in add_q
    clause, _ = self._add_q(q_object, can_reuse)
  File "/media/allano/53CE082D539E52ED/_pD_BE/booking_app_BE/venv/lib/python3.10/site-packages/django/db/models/sql/query.py", line 1678, in _add_q
    child_clause, needed_inner = self.build_filter(
  File "/media/allano/53CE082D539E52ED/_pD_BE/booking_app_BE/venv/lib/python3.10/site-packages/django/db/models/sql/query.py", line 1588, in build_filter
    condition = self.build_lookup(lookups, col, value)
  File "/media/allano/53CE082D539E52ED/_pD_BE/booking_app_BE/venv/lib/python3.10/site-packages/django/db/models/sql/query.py", line 1415, in build_lookup
    lookup = lookup_class(lhs, rhs)
  File "/media/allano/53CE082D539E52ED/_pD_BE/booking_app_BE/venv/lib/python3.10/site-packages/django/db/models/lookups.py", line 38, in __init__
    self.rhs = self.get_prep_lookup()
  File "/media/allano/53CE082D539E52ED/_pD_BE/booking_app_BE/venv/lib/python3.10/site-packages/django/db/models/lookups.py", line 410, in get_prep_lookup
    return super().get_prep_lookup()
  File "/media/allano/53CE082D539E52ED/_pD_BE/booking_app_BE/venv/lib/python3.10/site-packages/django/db/models/lookups.py", line 96, in get_prep_lookup
    return self.lhs.output_field.get_prep_value(self.rhs)
  File "/media/allano/53CE082D539E52ED/_pD_BE/booking_app_BE/venv/lib/python3.10/site-packages/django/db/models/fields/__init__.py", line 2750, in get_prep_value
    return self.to_python(value)
  File "/media/allano/53CE082D539E52ED/_pD_BE/booking_app_BE/venv/lib/python3.10/site-packages/django/db/models/fields/__init__.py", line 2768, in to_python
    raise exceptions.ValidationError(
django.core.exceptions.ValidationError: ["“{'property_id': UUID('440f9ad5-ba10-4a09-a91d-a62a075c4f57')}” is not a valid UUID."]
ERROR 2025-07-27 01:48:29,221 basehttp "POST /api/bookings/ HTTP/1.1" 500 190063
WARNING 2025-07-27 01:49:52,679 log Bad Request: /api/bookings/
WARNING 2025-07-27 01:49:52,679 log Bad Request: /api/bookings/
WARNING 2025-07-27 01:49:52,682 basehttp "POST /api/bookings/ HTTP/1.1" 400 10847
ERROR 2025-07-27 01:50:03,134 log Internal Server Error: /api/bookings/
Traceback (most recent call last):
  File "/media/allano/53CE082D539E52ED/_pD_BE/booking_app_BE/venv/lib/python3.10/site-packages/django/db/models/fields/__init__.py", line 2766, in to_python
    return uuid.UUID(**{input_form: value})
  File "/usr/lib/python3.10/uuid.py", line 174, in __init__
    hex = hex.replace('urn:', '').replace('uuid:', '')
AttributeError: 'dict' object has no attribute 'replace'

During handling of the above exception, another exception occurred:

Traceback (most recent call last):
  File "/media/allano/53CE082D539E52ED/_pD_BE/booking_app_BE/venv/lib/python3.10/site-packages/django/core/handlers/exception.py", line 55, in inner
    response = get_response(request)
  File "/media/allano/53CE082D539E52ED/_pD_BE/booking_app_BE/venv/lib/python3.10/site-packages/django/core/handlers/base.py", line 197, in _get_response
    response = wrapped_callback(request, *callback_args, **callback_kwargs)
  File "/media/allano/53CE082D539E52ED/_pD_BE/booking_app_BE/venv/lib/python3.10/site-packages/django/views/decorators/csrf.py", line 65, in _view_wrapper
    return view_func(request, *args, **kwargs)
  File "/media/allano/53CE082D539E52ED/_pD_BE/booking_app_BE/venv/lib/python3.10/site-packages/rest_framework/viewsets.py", line 125, in view
    return self.dispatch(request, *args, **kwargs)
  File "/media/allano/53CE082D539E52ED/_pD_BE/booking_app_BE/venv/lib/python3.10/site-packages/rest_framework/views.py", line 515, in dispatch
    response = self.handle_exception(exc)
  File "/media/allano/53CE082D539E52ED/_pD_BE/booking_app_BE/venv/lib/python3.10/site-packages/rest_framework/views.py", line 475, in handle_exception
    self.raise_uncaught_exception(exc)
  File "/media/allano/53CE082D539E52ED/_pD_BE/booking_app_BE/venv/lib/python3.10/site-packages/rest_framework/views.py", line 486, in raise_uncaught_exception
    raise exc
  File "/media/allano/53CE082D539E52ED/_pD_BE/booking_app_BE/venv/lib/python3.10/site-packages/rest_framework/views.py", line 512, in dispatch
    response = handler(request, *args, **kwargs)
  File "/media/allano/53CE082D539E52ED/_pD_BE/booking_app_BE/booking_app/bookings/views/booking_views.py", line 64, in create
    booking = BookingService.create_booking(request.user, serializer.validated_data)
  File "/media/allano/53CE082D539E52ED/_pD_BE/booking_app_BE/booking_app/bookings/services/booking_service.py", line 51, in create_booking
    listing = Listing.objects.select_for_update().get(property_id = listing_id)
  File "/media/allano/53CE082D539E52ED/_pD_BE/booking_app_BE/venv/lib/python3.10/site-packages/django/db/models/query.py", line 619, in get
    clone = self._chain() if self.query.combinator else self.filter(*args, **kwargs)
  File "/media/allano/53CE082D539E52ED/_pD_BE/booking_app_BE/venv/lib/python3.10/site-packages/django/db/models/query.py", line 1493, in filter
    return self._filter_or_exclude(False, args, kwargs)
  File "/media/allano/53CE082D539E52ED/_pD_BE/booking_app_BE/venv/lib/python3.10/site-packages/django/db/models/query.py", line 1511, in _filter_or_exclude
    clone._filter_or_exclude_inplace(negate, args, kwargs)
  File "/media/allano/53CE082D539E52ED/_pD_BE/booking_app_BE/venv/lib/python3.10/site-packages/django/db/models/query.py", line 1518, in _filter_or_exclude_inplace
    self._query.add_q(Q(*args, **kwargs))
  File "/media/allano/53CE082D539E52ED/_pD_BE/booking_app_BE/venv/lib/python3.10/site-packages/django/db/models/sql/query.py", line 1646, in add_q
    clause, _ = self._add_q(q_object, can_reuse)
  File "/media/allano/53CE082D539E52ED/_pD_BE/booking_app_BE/venv/lib/python3.10/site-packages/django/db/models/sql/query.py", line 1678, in _add_q
    child_clause, needed_inner = self.build_filter(
  File "/media/allano/53CE082D539E52ED/_pD_BE/booking_app_BE/venv/lib/python3.10/site-packages/django/db/models/sql/query.py", line 1588, in build_filter
    condition = self.build_lookup(lookups, col, value)
  File "/media/allano/53CE082D539E52ED/_pD_BE/booking_app_BE/venv/lib/python3.10/site-packages/django/db/models/sql/query.py", line 1415, in build_lookup
    lookup = lookup_class(lhs, rhs)
  File "/media/allano/53CE082D539E52ED/_pD_BE/booking_app_BE/venv/lib/python3.10/site-packages/django/db/models/lookups.py", line 38, in __init__
    self.rhs = self.get_prep_lookup()
  File "/media/allano/53CE082D539E52ED/_pD_BE/booking_app_BE/venv/lib/python3.10/site-packages/django/db/models/lookups.py", line 410, in get_prep_lookup
    return super().get_prep_lookup()
  File "/media/allano/53CE082D539E52ED/_pD_BE/booking_app_BE/venv/lib/python3.10/site-packages/django/db/models/lookups.py", line 96, in get_prep_lookup
    return self.lhs.output_field.get_prep_value(self.rhs)
  File "/media/allano/53CE082D539E52ED/_pD_BE/booking_app_BE/venv/lib/python3.10/site-packages/django/db/models/fields/__init__.py", line 2750, in get_prep_value
    return self.to_python(value)
  File "/media/allano/53CE082D539E52ED/_pD_BE/booking_app_BE/venv/lib/python3.10/site-packages/django/db/models/fields/__init__.py", line 2768, in to_python
    raise exceptions.ValidationError(
django.core.exceptions.ValidationError: ["“{'property_id': UUID('440f9ad5-ba10-4a09-a91d-a62a075c4f57')}” is not a valid UUID."]
ERROR 2025-07-27 01:50:03,134 log Internal Server Error: /api/bookings/
Traceback (most recent call last):
  File "/media/allano/53CE082D539E52ED/_pD_BE/booking_app_BE/venv/lib/python3.10/site-packages/django/db/models/fields/__init__.py", line 2766, in to_python
    return uuid.UUID(**{input_form: value})
  File "/usr/lib/python3.10/uuid.py", line 174, in __init__
    hex = hex.replace('urn:', '').replace('uuid:', '')
AttributeError: 'dict' object has no attribute 'replace'

During handling of the above exception, another exception occurred:

Traceback (most recent call last):
  File "/media/allano/53CE082D539E52ED/_pD_BE/booking_app_BE/venv/lib/python3.10/site-packages/django/core/handlers/exception.py", line 55, in inner
    response = get_response(request)
  File "/media/allano/53CE082D539E52ED/_pD_BE/booking_app_BE/venv/lib/python3.10/site-packages/django/core/handlers/base.py", line 197, in _get_response
    response = wrapped_callback(request, *callback_args, **callback_kwargs)
  File "/media/allano/53CE082D539E52ED/_pD_BE/booking_app_BE/venv/lib/python3.10/site-packages/django/views/decorators/csrf.py", line 65, in _view_wrapper
    return view_func(request, *args, **kwargs)
  File "/media/allano/53CE082D539E52ED/_pD_BE/booking_app_BE/venv/lib/python3.10/site-packages/rest_framework/viewsets.py", line 125, in view
    return self.dispatch(request, *args, **kwargs)
  File "/media/allano/53CE082D539E52ED/_pD_BE/booking_app_BE/venv/lib/python3.10/site-packages/rest_framework/views.py", line 515, in dispatch
    response = self.handle_exception(exc)
  File "/media/allano/53CE082D539E52ED/_pD_BE/booking_app_BE/venv/lib/python3.10/site-packages/rest_framework/views.py", line 475, in handle_exception
    self.raise_uncaught_exception(exc)
  File "/media/allano/53CE082D539E52ED/_pD_BE/booking_app_BE/venv/lib/python3.10/site-packages/rest_framework/views.py", line 486, in raise_uncaught_exception
    raise exc
  File "/media/allano/53CE082D539E52ED/_pD_BE/booking_app_BE/venv/lib/python3.10/site-packages/rest_framework/views.py", line 512, in dispatch
    response = handler(request, *args, **kwargs)
  File "/media/allano/53CE082D539E52ED/_pD_BE/booking_app_BE/booking_app/bookings/views/booking_views.py", line 64, in create
    booking = BookingService.create_booking(request.user, serializer.validated_data)
  File "/media/allano/53CE082D539E52ED/_pD_BE/booking_app_BE/booking_app/bookings/services/booking_service.py", line 51, in create_booking
    listing = Listing.objects.select_for_update().get(property_id = listing_id)
  File "/media/allano/53CE082D539E52ED/_pD_BE/booking_app_BE/venv/lib/python3.10/site-packages/django/db/models/query.py", line 619, in get
    clone = self._chain() if self.query.combinator else self.filter(*args, **kwargs)
  File "/media/allano/53CE082D539E52ED/_pD_BE/booking_app_BE/venv/lib/python3.10/site-packages/django/db/models/query.py", line 1493, in filter
    return self._filter_or_exclude(False, args, kwargs)
  File "/media/allano/53CE082D539E52ED/_pD_BE/booking_app_BE/venv/lib/python3.10/site-packages/django/db/models/query.py", line 1511, in _filter_or_exclude
    clone._filter_or_exclude_inplace(negate, args, kwargs)
  File "/media/allano/53CE082D539E52ED/_pD_BE/booking_app_BE/venv/lib/python3.10/site-packages/django/db/models/query.py", line 1518, in _filter_or_exclude_inplace
    self._query.add_q(Q(*args, **kwargs))
  File "/media/allano/53CE082D539E52ED/_pD_BE/booking_app_BE/venv/lib/python3.10/site-packages/django/db/models/sql/query.py", line 1646, in add_q
    clause, _ = self._add_q(q_object, can_reuse)
  File "/media/allano/53CE082D539E52ED/_pD_BE/booking_app_BE/venv/lib/python3.10/site-packages/django/db/models/sql/query.py", line 1678, in _add_q
    child_clause, needed_inner = self.build_filter(
  File "/media/allano/53CE082D539E52ED/_pD_BE/booking_app_BE/venv/lib/python3.10/site-packages/django/db/models/sql/query.py", line 1588, in build_filter
    condition = self.build_lookup(lookups, col, value)
  File "/media/allano/53CE082D539E52ED/_pD_BE/booking_app_BE/venv/lib/python3.10/site-packages/django/db/models/sql/query.py", line 1415, in build_lookup
    lookup = lookup_class(lhs, rhs)
  File "/media/allano/53CE082D539E52ED/_pD_BE/booking_app_BE/venv/lib/python3.10/site-packages/django/db/models/lookups.py", line 38, in __init__
    self.rhs = self.get_prep_lookup()
  File "/media/allano/53CE082D539E52ED/_pD_BE/booking_app_BE/venv/lib/python3.10/site-packages/django/db/models/lookups.py", line 410, in get_prep_lookup
    return super().get_prep_lookup()
  File "/media/allano/53CE082D539E52ED/_pD_BE/booking_app_BE/venv/lib/python3.10/site-packages/django/db/models/lookups.py", line 96, in get_prep_lookup
    return self.lhs.output_field.get_prep_value(self.rhs)
  File "/media/allano/53CE082D539E52ED/_pD_BE/booking_app_BE/venv/lib/python3.10/site-packages/django/db/models/fields/__init__.py", line 2750, in get_prep_value
    return self.to_python(value)
  File "/media/allano/53CE082D539E52ED/_pD_BE/booking_app_BE/venv/lib/python3.10/site-packages/django/db/models/fields/__init__.py", line 2768, in to_python
    raise exceptions.ValidationError(
django.core.exceptions.ValidationError: ["“{'property_id': UUID('440f9ad5-ba10-4a09-a91d-a62a075c4f57')}” is not a valid UUID."]
ERROR 2025-07-27 01:50:03,146 basehttp "POST /api/bookings/ HTTP/1.1" 500 190063
WARNING 2025-07-27 01:56:02,678 log Bad Request: /api/bookings/
WARNING 2025-07-27 01:56:02,678 log Bad Request: /api/bookings/
WARNING 2025-07-27 01:56:02,679 basehttp "POST /api/bookings/ HTTP/1.1" 400 10810
WARNING 2025-07-27 01:56:18,706 log Bad Request: /api/bookings/
WARNING 2025-07-27 01:56:18,706 log Bad Request: /api/bookings/
WARNING 2025-07-27 01:56:18,710 basehttp "POST /api/bookings/ HTTP/1.1" 400 5240
INFO 2025-07-27 01:57:51,695 autoreload /media/allano/53CE082D539E52ED/_pD_BE/booking_app_BE/booking_app/bookings/services/booking_service.py changed, reloading.
INFO 2025-07-27 01:57:56,719 autoreload Watching for file changes with StatReloader
INFO 2025-07-27 01:57:58,582 basehttp "GET /api/bookings/ HTTP/1.1" 200 24490
WARNING 2025-07-27 01:58:16,246 log Bad Request: /api/bookings/
WARNING 2025-07-27 01:58:16,246 log Bad Request: /api/bookings/
WARNING 2025-07-27 01:58:16,249 basehttp "POST /api/bookings/ HTTP/1.1" 400 10716
INFO 2025-07-27 01:59:57,695 autoreload /media/allano/53CE082D539E52ED/_pD_BE/booking_app_BE/booking_app/bookings/serializers/booking_serializer.py changed, reloading.
INFO 2025-07-27 02:00:01,152 autoreload Watching for file changes with StatReloader
INFO 2025-07-27 02:00:24,621 autoreload /media/allano/53CE082D539E52ED/_pD_BE/booking_app_BE/booking_app/bookings/services/booking_service.py changed, reloading.
INFO 2025-07-27 02:00:26,217 autoreload Watching for file changes with StatReloader
ERROR 2025-07-27 02:00:42,286 log Internal Server Error: /api/bookings/
Traceback (most recent call last):
  File "/media/allano/53CE082D539E52ED/_pD_BE/booking_app_BE/venv/lib/python3.10/site-packages/django/core/handlers/exception.py", line 55, in inner
    response = get_response(request)
  File "/media/allano/53CE082D539E52ED/_pD_BE/booking_app_BE/venv/lib/python3.10/site-packages/django/core/handlers/base.py", line 197, in _get_response
    response = wrapped_callback(request, *callback_args, **callback_kwargs)
  File "/media/allano/53CE082D539E52ED/_pD_BE/booking_app_BE/venv/lib/python3.10/site-packages/django/views/decorators/csrf.py", line 65, in _view_wrapper
    return view_func(request, *args, **kwargs)
  File "/media/allano/53CE082D539E52ED/_pD_BE/booking_app_BE/venv/lib/python3.10/site-packages/rest_framework/viewsets.py", line 125, in view
    return self.dispatch(request, *args, **kwargs)
  File "/media/allano/53CE082D539E52ED/_pD_BE/booking_app_BE/venv/lib/python3.10/site-packages/rest_framework/views.py", line 515, in dispatch
    response = self.handle_exception(exc)
  File "/media/allano/53CE082D539E52ED/_pD_BE/booking_app_BE/venv/lib/python3.10/site-packages/rest_framework/views.py", line 475, in handle_exception
    self.raise_uncaught_exception(exc)
  File "/media/allano/53CE082D539E52ED/_pD_BE/booking_app_BE/venv/lib/python3.10/site-packages/rest_framework/views.py", line 486, in raise_uncaught_exception
    raise exc
  File "/media/allano/53CE082D539E52ED/_pD_BE/booking_app_BE/venv/lib/python3.10/site-packages/rest_framework/views.py", line 512, in dispatch
    response = handler(request, *args, **kwargs)
  File "/media/allano/53CE082D539E52ED/_pD_BE/booking_app_BE/booking_app/bookings/views/booking_views.py", line 62, in create
    serializer.is_valid(raise_exception=True)
  File "/media/allano/53CE082D539E52ED/_pD_BE/booking_app_BE/venv/lib/python3.10/site-packages/rest_framework/serializers.py", line 225, in is_valid
    self._validated_data = self.run_validation(self.initial_data)
  File "/media/allano/53CE082D539E52ED/_pD_BE/booking_app_BE/venv/lib/python3.10/site-packages/rest_framework/serializers.py", line 444, in run_validation
    value = self.to_internal_value(data)
  File "/media/allano/53CE082D539E52ED/_pD_BE/booking_app_BE/venv/lib/python3.10/site-packages/rest_framework/serializers.py", line 497, in to_internal_value
    for field in fields:
  File "/media/allano/53CE082D539E52ED/_pD_BE/booking_app_BE/venv/lib/python3.10/site-packages/rest_framework/serializers.py", line 380, in _writable_fields
    for field in self.fields.values():
  File "/media/allano/53CE082D539E52ED/_pD_BE/booking_app_BE/venv/lib/python3.10/site-packages/django/utils/functional.py", line 47, in __get__
    res = instance.__dict__[self.name] = self.func(instance)
  File "/media/allano/53CE082D539E52ED/_pD_BE/booking_app_BE/venv/lib/python3.10/site-packages/rest_framework/serializers.py", line 374, in fields
    for key, value in self.get_fields().items():
  File "/media/allano/53CE082D539E52ED/_pD_BE/booking_app_BE/venv/lib/python3.10/site-packages/rest_framework/serializers.py", line 1081, in get_fields
    field_names = self.get_field_names(declared_fields, info)
  File "/media/allano/53CE082D539E52ED/_pD_BE/booking_app_BE/venv/lib/python3.10/site-packages/rest_framework/serializers.py", line 1177, in get_field_names
    assert field_name in fields, (
AssertionError: The field 'listing_id' was declared on serializer BookingInputSerializer, but has not been included in the 'fields' option.
ERROR 2025-07-27 02:00:42,286 log Internal Server Error: /api/bookings/
Traceback (most recent call last):
  File "/media/allano/53CE082D539E52ED/_pD_BE/booking_app_BE/venv/lib/python3.10/site-packages/django/core/handlers/exception.py", line 55, in inner
    response = get_response(request)
  File "/media/allano/53CE082D539E52ED/_pD_BE/booking_app_BE/venv/lib/python3.10/site-packages/django/core/handlers/base.py", line 197, in _get_response
    response = wrapped_callback(request, *callback_args, **callback_kwargs)
  File "/media/allano/53CE082D539E52ED/_pD_BE/booking_app_BE/venv/lib/python3.10/site-packages/django/views/decorators/csrf.py", line 65, in _view_wrapper
    return view_func(request, *args, **kwargs)
  File "/media/allano/53CE082D539E52ED/_pD_BE/booking_app_BE/venv/lib/python3.10/site-packages/rest_framework/viewsets.py", line 125, in view
    return self.dispatch(request, *args, **kwargs)
  File "/media/allano/53CE082D539E52ED/_pD_BE/booking_app_BE/venv/lib/python3.10/site-packages/rest_framework/views.py", line 515, in dispatch
    response = self.handle_exception(exc)
  File "/media/allano/53CE082D539E52ED/_pD_BE/booking_app_BE/venv/lib/python3.10/site-packages/rest_framework/views.py", line 475, in handle_exception
    self.raise_uncaught_exception(exc)
  File "/media/allano/53CE082D539E52ED/_pD_BE/booking_app_BE/venv/lib/python3.10/site-packages/rest_framework/views.py", line 486, in raise_uncaught_exception
    raise exc
  File "/media/allano/53CE082D539E52ED/_pD_BE/booking_app_BE/venv/lib/python3.10/site-packages/rest_framework/views.py", line 512, in dispatch
    response = handler(request, *args, **kwargs)
  File "/media/allano/53CE082D539E52ED/_pD_BE/booking_app_BE/booking_app/bookings/views/booking_views.py", line 62, in create
    serializer.is_valid(raise_exception=True)
  File "/media/allano/53CE082D539E52ED/_pD_BE/booking_app_BE/venv/lib/python3.10/site-packages/rest_framework/serializers.py", line 225, in is_valid
    self._validated_data = self.run_validation(self.initial_data)
  File "/media/allano/53CE082D539E52ED/_pD_BE/booking_app_BE/venv/lib/python3.10/site-packages/rest_framework/serializers.py", line 444, in run_validation
    value = self.to_internal_value(data)
  File "/media/allano/53CE082D539E52ED/_pD_BE/booking_app_BE/venv/lib/python3.10/site-packages/rest_framework/serializers.py", line 497, in to_internal_value
    for field in fields:
  File "/media/allano/53CE082D539E52ED/_pD_BE/booking_app_BE/venv/lib/python3.10/site-packages/rest_framework/serializers.py", line 380, in _writable_fields
    for field in self.fields.values():
  File "/media/allano/53CE082D539E52ED/_pD_BE/booking_app_BE/venv/lib/python3.10/site-packages/django/utils/functional.py", line 47, in __get__
    res = instance.__dict__[self.name] = self.func(instance)
  File "/media/allano/53CE082D539E52ED/_pD_BE/booking_app_BE/venv/lib/python3.10/site-packages/rest_framework/serializers.py", line 374, in fields
    for key, value in self.get_fields().items():
  File "/media/allano/53CE082D539E52ED/_pD_BE/booking_app_BE/venv/lib/python3.10/site-packages/rest_framework/serializers.py", line 1081, in get_fields
    field_names = self.get_field_names(declared_fields, info)
  File "/media/allano/53CE082D539E52ED/_pD_BE/booking_app_BE/venv/lib/python3.10/site-packages/rest_framework/serializers.py", line 1177, in get_field_names
    assert field_name in fields, (
AssertionError: The field 'listing_id' was declared on serializer BookingInputSerializer, but has not been included in the 'fields' option.
ERROR 2025-07-27 02:00:42,296 basehttp "POST /api/bookings/ HTTP/1.1" 500 157546
INFO 2025-07-27 02:00:58,157 autoreload /media/allano/53CE082D539E52ED/_pD_BE/booking_app_BE/booking_app/bookings/serializers/booking_serializer.py changed, reloading.
INFO 2025-07-27 02:01:02,729 autoreload Watching for file changes with StatReloader
WARNING 2025-07-27 02:01:07,930 log Bad Request: /api/bookings/
WARNING 2025-07-27 02:01:07,930 log Bad Request: /api/bookings/
WARNING 2025-07-27 02:01:07,931 basehttp "POST /api/bookings/ HTTP/1.1" 400 10811
WARNING 2025-07-27 02:01:28,748 log Bad Request: /api/bookings/
WARNING 2025-07-27 02:01:28,748 log Bad Request: /api/bookings/
WARNING 2025-07-27 02:01:28,751 basehttp "POST /api/bookings/ HTTP/1.1" 400 10725
INFO 2025-07-27 02:05:54,831 autoreload /media/allano/53CE082D539E52ED/_pD_BE/booking_app_BE/booking_app/bookings/services/booking_service.py changed, reloading.
INFO 2025-07-27 02:05:56,347 autoreload Watching for file changes with StatReloader
WARNING 2025-07-27 02:05:57,664 log Not Found: /auth/verify/71713bfe-9757-4cb7-ad47-b82836565507/PFNzy65oIVJ43UXvh11xZ8aZvRSlgqGp6q7AANlJccc
WARNING 2025-07-27 02:05:57,664 log Not Found: /auth/verify/71713bfe-9757-4cb7-ad47-b82836565507/PFNzy65oIVJ43UXvh11xZ8aZvRSlgqGp6q7AANlJccc
WARNING 2025-07-27 02:05:57,664 basehttp "GET /auth/verify/71713bfe-9757-4cb7-ad47-b82836565507/PFNzy65oIVJ43UXvh11xZ8aZvRSlgqGp6q7AANlJccc HTTP/1.1" 404 4570
WARNING 2025-07-27 02:06:09,688 log Bad Request: /api/bookings/
WARNING 2025-07-27 02:06:09,688 log Bad Request: /api/bookings/
WARNING 2025-07-27 02:06:09,691 basehttp "POST /api/bookings/ HTTP/1.1" 400 10725
INFO 2025-07-27 02:06:29,657 autoreload /media/allano/53CE082D539E52ED/_pD_BE/booking_app_BE/booking_app/bookings/services/booking_service.py changed, reloading.
INFO 2025-07-27 02:06:34,184 autoreload Watching for file changes with StatReloader
INFO 2025-07-27 02:08:01,634 autoreload /media/allano/53CE082D539E52ED/_pD_BE/booking_app_BE/booking_app/bookings/services/booking_service.py changed, reloading.
INFO 2025-07-27 02:08:05,459 autoreload Watching for file changes with StatReloader
WARNING 2025-07-27 02:08:23,272 log Bad Request: /api/bookings/
WARNING 2025-07-27 02:08:23,272 log Bad Request: /api/bookings/
WARNING 2025-07-27 02:08:23,275 basehttp "POST /api/bookings/ HTTP/1.1" 400 10725
WARNING 2025-07-27 02:08:37,578 log Bad Request: /api/bookings/
WARNING 2025-07-27 02:08:37,578 log Bad Request: /api/bookings/
WARNING 2025-07-27 02:08:37,581 basehttp "POST /api/bookings/ HTTP/1.1" 400 10725
INFO 2025-07-27 02:12:12,107 autoreload /media/allano/53CE082D539E52ED/_pD_BE/booking_app_BE/booking_app/bookings/serializers/booking_serializer.py changed, reloading.
INFO 2025-07-27 02:12:15,388 autoreload Watching for file changes with StatReloader
WARNING 2025-07-27 02:12:33,914 log Bad Request: /api/bookings/
WARNING 2025-07-27 02:12:33,914 log Bad Request: /api/bookings/
WARNING 2025-07-27 02:12:33,917 basehttp "POST /api/bookings/ HTTP/1.1" 400 10852
ERROR 2025-07-27 02:12:40,787 log Internal Server Error: /api/bookings/
Traceback (most recent call last):
  File "/media/allano/53CE082D539E52ED/_pD_BE/booking_app_BE/venv/lib/python3.10/site-packages/django/core/handlers/exception.py", line 55, in inner
    response = get_response(request)
  File "/media/allano/53CE082D539E52ED/_pD_BE/booking_app_BE/venv/lib/python3.10/site-packages/django/core/handlers/base.py", line 197, in _get_response
    response = wrapped_callback(request, *callback_args, **callback_kwargs)
  File "/media/allano/53CE082D539E52ED/_pD_BE/booking_app_BE/venv/lib/python3.10/site-packages/django/views/decorators/csrf.py", line 65, in _view_wrapper
    return view_func(request, *args, **kwargs)
  File "/media/allano/53CE082D539E52ED/_pD_BE/booking_app_BE/venv/lib/python3.10/site-packages/rest_framework/viewsets.py", line 125, in view
    return self.dispatch(request, *args, **kwargs)
  File "/media/allano/53CE082D539E52ED/_pD_BE/booking_app_BE/venv/lib/python3.10/site-packages/rest_framework/views.py", line 515, in dispatch
    response = self.handle_exception(exc)
  File "/media/allano/53CE082D539E52ED/_pD_BE/booking_app_BE/venv/lib/python3.10/site-packages/rest_framework/views.py", line 475, in handle_exception
    self.raise_uncaught_exception(exc)
  File "/media/allano/53CE082D539E52ED/_pD_BE/booking_app_BE/venv/lib/python3.10/site-packages/rest_framework/views.py", line 486, in raise_uncaught_exception
    raise exc
  File "/media/allano/53CE082D539E52ED/_pD_BE/booking_app_BE/venv/lib/python3.10/site-packages/rest_framework/views.py", line 512, in dispatch
    response = handler(request, *args, **kwargs)
  File "/media/allano/53CE082D539E52ED/_pD_BE/booking_app_BE/booking_app/bookings/views/booking_views.py", line 64, in create
    booking = BookingService.create_booking(request.user, serializer.validated_data)
  File "/media/allano/53CE082D539E52ED/_pD_BE/booking_app_BE/booking_app/bookings/services/booking_service.py", line 86, in create_booking
    service_fee = base_price * Decimal(str(settings.SERVICE_FEE_PERCENTAGE))
  File "/media/allano/53CE082D539E52ED/_pD_BE/booking_app_BE/venv/lib/python3.10/site-packages/django/conf/__init__.py", line 83, in __getattr__
    val = getattr(_wrapped, name)
AttributeError: 'Settings' object has no attribute 'SERVICE_FEE_PERCENTAGE'
ERROR 2025-07-27 02:12:40,787 log Internal Server Error: /api/bookings/
Traceback (most recent call last):
  File "/media/allano/53CE082D539E52ED/_pD_BE/booking_app_BE/venv/lib/python3.10/site-packages/django/core/handlers/exception.py", line 55, in inner
    response = get_response(request)
  File "/media/allano/53CE082D539E52ED/_pD_BE/booking_app_BE/venv/lib/python3.10/site-packages/django/core/handlers/base.py", line 197, in _get_response
    response = wrapped_callback(request, *callback_args, **callback_kwargs)
  File "/media/allano/53CE082D539E52ED/_pD_BE/booking_app_BE/venv/lib/python3.10/site-packages/django/views/decorators/csrf.py", line 65, in _view_wrapper
    return view_func(request, *args, **kwargs)
  File "/media/allano/53CE082D539E52ED/_pD_BE/booking_app_BE/venv/lib/python3.10/site-packages/rest_framework/viewsets.py", line 125, in view
    return self.dispatch(request, *args, **kwargs)
  File "/media/allano/53CE082D539E52ED/_pD_BE/booking_app_BE/venv/lib/python3.10/site-packages/rest_framework/views.py", line 515, in dispatch
    response = self.handle_exception(exc)
  File "/media/allano/53CE082D539E52ED/_pD_BE/booking_app_BE/venv/lib/python3.10/site-packages/rest_framework/views.py", line 475, in handle_exception
    self.raise_uncaught_exception(exc)
  File "/media/allano/53CE082D539E52ED/_pD_BE/booking_app_BE/venv/lib/python3.10/site-packages/rest_framework/views.py", line 486, in raise_uncaught_exception
    raise exc
  File "/media/allano/53CE082D539E52ED/_pD_BE/booking_app_BE/venv/lib/python3.10/site-packages/rest_framework/views.py", line 512, in dispatch
    response = handler(request, *args, **kwargs)
  File "/media/allano/53CE082D539E52ED/_pD_BE/booking_app_BE/booking_app/bookings/views/booking_views.py", line 64, in create
    booking = BookingService.create_booking(request.user, serializer.validated_data)
  File "/media/allano/53CE082D539E52ED/_pD_BE/booking_app_BE/booking_app/bookings/services/booking_service.py", line 86, in create_booking
    service_fee = base_price * Decimal(str(settings.SERVICE_FEE_PERCENTAGE))
  File "/media/allano/53CE082D539E52ED/_pD_BE/booking_app_BE/venv/lib/python3.10/site-packages/django/conf/__init__.py", line 83, in __getattr__
    val = getattr(_wrapped, name)
AttributeError: 'Settings' object has no attribute 'SERVICE_FEE_PERCENTAGE'
ERROR 2025-07-27 02:12:40,803 basehttp "POST /api/bookings/ HTTP/1.1" 500 121778
INFO 2025-07-27 02:14:46,762 autoreload /media/allano/53CE082D539E52ED/_pD_BE/booking_app_BE/booking_app/booking_app/settings.py changed, reloading.
INFO 2025-07-27 02:14:50,310 autoreload Watching for file changes with StatReloader
INFO 2025-07-27 02:15:45,810 autoreload /media/allano/53CE082D539E52ED/_pD_BE/booking_app_BE/booking_app/booking_app/settings.py changed, reloading.
INFO 2025-07-27 02:15:49,560 autoreload Watching for file changes with StatReloader
INFO 2025-07-27 02:16:21,364 autoreload Watching for file changes with StatReloader
INFO 2025-07-27 02:18:03,440 autoreload /media/allano/53CE082D539E52ED/_pD_BE/booking_app_BE/booking_app/booking_app/settings.py changed, reloading.
INFO 2025-07-27 02:18:06,577 autoreload Watching for file changes with StatReloader
INFO 2025-07-27 02:33:16,090 autoreload Watching for file changes with StatReloader
INFO 2025-07-27 02:34:38,435 autoreload Watching for file changes with StatReloader
ERROR 2025-07-27 02:34:54,239 log Internal Server Error: /api/bookings/
Traceback (most recent call last):
  File "/media/allano/53CE082D539E52ED/_pD_BE/booking_app_BE/venv/lib/python3.10/site-packages/django/core/handlers/exception.py", line 55, in inner
    response = get_response(request)
  File "/media/allano/53CE082D539E52ED/_pD_BE/booking_app_BE/venv/lib/python3.10/site-packages/django/core/handlers/base.py", line 197, in _get_response
    response = wrapped_callback(request, *callback_args, **callback_kwargs)
  File "/media/allano/53CE082D539E52ED/_pD_BE/booking_app_BE/venv/lib/python3.10/site-packages/django/views/decorators/csrf.py", line 65, in _view_wrapper
    return view_func(request, *args, **kwargs)
  File "/media/allano/53CE082D539E52ED/_pD_BE/booking_app_BE/venv/lib/python3.10/site-packages/rest_framework/viewsets.py", line 125, in view
    return self.dispatch(request, *args, **kwargs)
  File "/media/allano/53CE082D539E52ED/_pD_BE/booking_app_BE/venv/lib/python3.10/site-packages/rest_framework/views.py", line 515, in dispatch
    response = self.handle_exception(exc)
  File "/media/allano/53CE082D539E52ED/_pD_BE/booking_app_BE/venv/lib/python3.10/site-packages/rest_framework/views.py", line 475, in handle_exception
    self.raise_uncaught_exception(exc)
  File "/media/allano/53CE082D539E52ED/_pD_BE/booking_app_BE/venv/lib/python3.10/site-packages/rest_framework/views.py", line 486, in raise_uncaught_exception
    raise exc
  File "/media/allano/53CE082D539E52ED/_pD_BE/booking_app_BE/venv/lib/python3.10/site-packages/rest_framework/views.py", line 512, in dispatch
    response = handler(request, *args, **kwargs)
  File "/media/allano/53CE082D539E52ED/_pD_BE/booking_app_BE/booking_app/bookings/views/booking_views.py", line 64, in create
    booking = BookingService.create_booking(request.user, serializer.validated_data)
  File "/media/allano/53CE082D539E52ED/_pD_BE/booking_app_BE/booking_app/bookings/services/booking_service.py", line 119, in create_booking
    booking.full_clean()
  File "/media/allano/53CE082D539E52ED/_pD_BE/booking_app_BE/venv/lib/python3.10/site-packages/django/db/models/base.py", line 1679, in full_clean
    raise ValidationError(errors)
django.core.exceptions.ValidationError: {'total_amount': ['Ensure that there are no more than 2 decimal places.'], 'tax_amount': ['Ensure that there are no more than 2 decimal places.'], 'service_fee': ['Ensure that there are no more than 2 decimal places.']}
ERROR 2025-07-27 02:34:54,239 log Internal Server Error: /api/bookings/
Traceback (most recent call last):
  File "/media/allano/53CE082D539E52ED/_pD_BE/booking_app_BE/venv/lib/python3.10/site-packages/django/core/handlers/exception.py", line 55, in inner
    response = get_response(request)
  File "/media/allano/53CE082D539E52ED/_pD_BE/booking_app_BE/venv/lib/python3.10/site-packages/django/core/handlers/base.py", line 197, in _get_response
    response = wrapped_callback(request, *callback_args, **callback_kwargs)
  File "/media/allano/53CE082D539E52ED/_pD_BE/booking_app_BE/venv/lib/python3.10/site-packages/django/views/decorators/csrf.py", line 65, in _view_wrapper
    return view_func(request, *args, **kwargs)
  File "/media/allano/53CE082D539E52ED/_pD_BE/booking_app_BE/venv/lib/python3.10/site-packages/rest_framework/viewsets.py", line 125, in view
    return self.dispatch(request, *args, **kwargs)
  File "/media/allano/53CE082D539E52ED/_pD_BE/booking_app_BE/venv/lib/python3.10/site-packages/rest_framework/views.py", line 515, in dispatch
    response = self.handle_exception(exc)
  File "/media/allano/53CE082D539E52ED/_pD_BE/booking_app_BE/venv/lib/python3.10/site-packages/rest_framework/views.py", line 475, in handle_exception
    self.raise_uncaught_exception(exc)
  File "/media/allano/53CE082D539E52ED/_pD_BE/booking_app_BE/venv/lib/python3.10/site-packages/rest_framework/views.py", line 486, in raise_uncaught_exception
    raise exc
  File "/media/allano/53CE082D539E52ED/_pD_BE/booking_app_BE/venv/lib/python3.10/site-packages/rest_framework/views.py", line 512, in dispatch
    response = handler(request, *args, **kwargs)
  File "/media/allano/53CE082D539E52ED/_pD_BE/booking_app_BE/booking_app/bookings/views/booking_views.py", line 64, in create
    booking = BookingService.create_booking(request.user, serializer.validated_data)
  File "/media/allano/53CE082D539E52ED/_pD_BE/booking_app_BE/booking_app/bookings/services/booking_service.py", line 119, in create_booking
    booking.full_clean()
  File "/media/allano/53CE082D539E52ED/_pD_BE/booking_app_BE/venv/lib/python3.10/site-packages/django/db/models/base.py", line 1679, in full_clean
    raise ValidationError(errors)
django.core.exceptions.ValidationError: {'total_amount': ['Ensure that there are no more than 2 decimal places.'], 'tax_amount': ['Ensure that there are no more than 2 decimal places.'], 'service_fee': ['Ensure that there are no more than 2 decimal places.']}
ERROR 2025-07-27 02:34:54,259 basehttp "POST /api/bookings/ HTTP/1.1" 500 125083
ERROR 2025-07-27 02:35:00,025 log Internal Server Error: /api/bookings/
Traceback (most recent call last):
  File "/media/allano/53CE082D539E52ED/_pD_BE/booking_app_BE/venv/lib/python3.10/site-packages/django/core/handlers/exception.py", line 55, in inner
    response = get_response(request)
  File "/media/allano/53CE082D539E52ED/_pD_BE/booking_app_BE/venv/lib/python3.10/site-packages/django/core/handlers/base.py", line 197, in _get_response
    response = wrapped_callback(request, *callback_args, **callback_kwargs)
  File "/media/allano/53CE082D539E52ED/_pD_BE/booking_app_BE/venv/lib/python3.10/site-packages/django/views/decorators/csrf.py", line 65, in _view_wrapper
    return view_func(request, *args, **kwargs)
  File "/media/allano/53CE082D539E52ED/_pD_BE/booking_app_BE/venv/lib/python3.10/site-packages/rest_framework/viewsets.py", line 125, in view
    return self.dispatch(request, *args, **kwargs)
  File "/media/allano/53CE082D539E52ED/_pD_BE/booking_app_BE/venv/lib/python3.10/site-packages/rest_framework/views.py", line 515, in dispatch
    response = self.handle_exception(exc)
  File "/media/allano/53CE082D539E52ED/_pD_BE/booking_app_BE/venv/lib/python3.10/site-packages/rest_framework/views.py", line 475, in handle_exception
    self.raise_uncaught_exception(exc)
  File "/media/allano/53CE082D539E52ED/_pD_BE/booking_app_BE/venv/lib/python3.10/site-packages/rest_framework/views.py", line 486, in raise_uncaught_exception
    raise exc
  File "/media/allano/53CE082D539E52ED/_pD_BE/booking_app_BE/venv/lib/python3.10/site-packages/rest_framework/views.py", line 512, in dispatch
    response = handler(request, *args, **kwargs)
  File "/media/allano/53CE082D539E52ED/_pD_BE/booking_app_BE/booking_app/bookings/views/booking_views.py", line 64, in create
    booking = BookingService.create_booking(request.user, serializer.validated_data)
  File "/media/allano/53CE082D539E52ED/_pD_BE/booking_app_BE/booking_app/bookings/services/booking_service.py", line 119, in create_booking
    booking.full_clean()
  File "/media/allano/53CE082D539E52ED/_pD_BE/booking_app_BE/venv/lib/python3.10/site-packages/django/db/models/base.py", line 1679, in full_clean
    raise ValidationError(errors)
django.core.exceptions.ValidationError: {'total_amount': ['Ensure that there are no more than 2 decimal places.'], 'tax_amount': ['Ensure that there are no more than 2 decimal places.'], 'service_fee': ['Ensure that there are no more than 2 decimal places.']}
ERROR 2025-07-27 02:35:00,025 log Internal Server Error: /api/bookings/
Traceback (most recent call last):
  File "/media/allano/53CE082D539E52ED/_pD_BE/booking_app_BE/venv/lib/python3.10/site-packages/django/core/handlers/exception.py", line 55, in inner
    response = get_response(request)
  File "/media/allano/53CE082D539E52ED/_pD_BE/booking_app_BE/venv/lib/python3.10/site-packages/django/core/handlers/base.py", line 197, in _get_response
    response = wrapped_callback(request, *callback_args, **callback_kwargs)
  File "/media/allano/53CE082D539E52ED/_pD_BE/booking_app_BE/venv/lib/python3.10/site-packages/django/views/decorators/csrf.py", line 65, in _view_wrapper
    return view_func(request, *args, **kwargs)
  File "/media/allano/53CE082D539E52ED/_pD_BE/booking_app_BE/venv/lib/python3.10/site-packages/rest_framework/viewsets.py", line 125, in view
    return self.dispatch(request, *args, **kwargs)
  File "/media/allano/53CE082D539E52ED/_pD_BE/booking_app_BE/venv/lib/python3.10/site-packages/rest_framework/views.py", line 515, in dispatch
    response = self.handle_exception(exc)
  File "/media/allano/53CE082D539E52ED/_pD_BE/booking_app_BE/venv/lib/python3.10/site-packages/rest_framework/views.py", line 475, in handle_exception
    self.raise_uncaught_exception(exc)
  File "/media/allano/53CE082D539E52ED/_pD_BE/booking_app_BE/venv/lib/python3.10/site-packages/rest_framework/views.py", line 486, in raise_uncaught_exception
    raise exc
  File "/media/allano/53CE082D539E52ED/_pD_BE/booking_app_BE/venv/lib/python3.10/site-packages/rest_framework/views.py", line 512, in dispatch
    response = handler(request, *args, **kwargs)
  File "/media/allano/53CE082D539E52ED/_pD_BE/booking_app_BE/booking_app/bookings/views/booking_views.py", line 64, in create
    booking = BookingService.create_booking(request.user, serializer.validated_data)
  File "/media/allano/53CE082D539E52ED/_pD_BE/booking_app_BE/booking_app/bookings/services/booking_service.py", line 119, in create_booking
    booking.full_clean()
  File "/media/allano/53CE082D539E52ED/_pD_BE/booking_app_BE/venv/lib/python3.10/site-packages/django/db/models/base.py", line 1679, in full_clean
    raise ValidationError(errors)
django.core.exceptions.ValidationError: {'total_amount': ['Ensure that there are no more than 2 decimal places.'], 'tax_amount': ['Ensure that there are no more than 2 decimal places.'], 'service_fee': ['Ensure that there are no more than 2 decimal places.']}
ERROR 2025-07-27 02:35:00,035 basehttp "POST /api/bookings/ HTTP/1.1" 500 125083
INFO 2025-07-27 02:39:31,260 autoreload /media/allano/53CE082D539E52ED/_pD_BE/booking_app_BE/booking_app/bookings/services/booking_service.py changed, reloading.
INFO 2025-07-27 02:39:33,488 autoreload Watching for file changes with StatReloader
INFO 2025-07-27 02:40:09,264 autoreload /media/allano/53CE082D539E52ED/_pD_BE/booking_app_BE/booking_app/bookings/services/booking_service.py changed, reloading.
INFO 2025-07-27 02:40:11,007 autoreload Watching for file changes with StatReloader
ERROR 2025-07-27 02:40:18,363 log Internal Server Error: /api/bookings/
Traceback (most recent call last):
  File "/media/allano/53CE082D539E52ED/_pD_BE/booking_app_BE/venv/lib/python3.10/site-packages/django/core/handlers/exception.py", line 55, in inner
    response = get_response(request)
  File "/media/allano/53CE082D539E52ED/_pD_BE/booking_app_BE/venv/lib/python3.10/site-packages/django/core/handlers/base.py", line 197, in _get_response
    response = wrapped_callback(request, *callback_args, **callback_kwargs)
  File "/media/allano/53CE082D539E52ED/_pD_BE/booking_app_BE/venv/lib/python3.10/site-packages/django/views/decorators/csrf.py", line 65, in _view_wrapper
    return view_func(request, *args, **kwargs)
  File "/media/allano/53CE082D539E52ED/_pD_BE/booking_app_BE/venv/lib/python3.10/site-packages/rest_framework/viewsets.py", line 125, in view
    return self.dispatch(request, *args, **kwargs)
  File "/media/allano/53CE082D539E52ED/_pD_BE/booking_app_BE/venv/lib/python3.10/site-packages/rest_framework/views.py", line 515, in dispatch
    response = self.handle_exception(exc)
  File "/media/allano/53CE082D539E52ED/_pD_BE/booking_app_BE/venv/lib/python3.10/site-packages/rest_framework/views.py", line 475, in handle_exception
    self.raise_uncaught_exception(exc)
  File "/media/allano/53CE082D539E52ED/_pD_BE/booking_app_BE/venv/lib/python3.10/site-packages/rest_framework/views.py", line 486, in raise_uncaught_exception
    raise exc
  File "/media/allano/53CE082D539E52ED/_pD_BE/booking_app_BE/venv/lib/python3.10/site-packages/rest_framework/views.py", line 512, in dispatch
    response = handler(request, *args, **kwargs)
  File "/media/allano/53CE082D539E52ED/_pD_BE/booking_app_BE/booking_app/bookings/views/booking_views.py", line 64, in create
    booking = BookingService.create_booking(request.user, serializer.validated_data)
  File "/media/allano/53CE082D539E52ED/_pD_BE/booking_app_BE/booking_app/bookings/services/booking_service.py", line 127, in create_booking
    BookingService._send_booking_confirmation_email(booking)
  File "/media/allano/53CE082D539E52ED/_pD_BE/booking_app_BE/booking_app/bookings/services/booking_service.py", line 148, in _send_booking_confirmation_email
    f"Check-in Instructions: {booking.check_in_instructions or 'Provided upon confirmation'}"
AttributeError: 'Booking' object has no attribute 'check_in_instructions'
ERROR 2025-07-27 02:40:18,363 log Internal Server Error: /api/bookings/
Traceback (most recent call last):
  File "/media/allano/53CE082D539E52ED/_pD_BE/booking_app_BE/venv/lib/python3.10/site-packages/django/core/handlers/exception.py", line 55, in inner
    response = get_response(request)
  File "/media/allano/53CE082D539E52ED/_pD_BE/booking_app_BE/venv/lib/python3.10/site-packages/django/core/handlers/base.py", line 197, in _get_response
    response = wrapped_callback(request, *callback_args, **callback_kwargs)
  File "/media/allano/53CE082D539E52ED/_pD_BE/booking_app_BE/venv/lib/python3.10/site-packages/django/views/decorators/csrf.py", line 65, in _view_wrapper
    return view_func(request, *args, **kwargs)
  File "/media/allano/53CE082D539E52ED/_pD_BE/booking_app_BE/venv/lib/python3.10/site-packages/rest_framework/viewsets.py", line 125, in view
    return self.dispatch(request, *args, **kwargs)
  File "/media/allano/53CE082D539E52ED/_pD_BE/booking_app_BE/venv/lib/python3.10/site-packages/rest_framework/views.py", line 515, in dispatch
    response = self.handle_exception(exc)
  File "/media/allano/53CE082D539E52ED/_pD_BE/booking_app_BE/venv/lib/python3.10/site-packages/rest_framework/views.py", line 475, in handle_exception
    self.raise_uncaught_exception(exc)
  File "/media/allano/53CE082D539E52ED/_pD_BE/booking_app_BE/venv/lib/python3.10/site-packages/rest_framework/views.py", line 486, in raise_uncaught_exception
    raise exc
  File "/media/allano/53CE082D539E52ED/_pD_BE/booking_app_BE/venv/lib/python3.10/site-packages/rest_framework/views.py", line 512, in dispatch
    response = handler(request, *args, **kwargs)
  File "/media/allano/53CE082D539E52ED/_pD_BE/booking_app_BE/booking_app/bookings/views/booking_views.py", line 64, in create
    booking = BookingService.create_booking(request.user, serializer.validated_data)
  File "/media/allano/53CE082D539E52ED/_pD_BE/booking_app_BE/booking_app/bookings/services/booking_service.py", line 127, in create_booking
    BookingService._send_booking_confirmation_email(booking)
  File "/media/allano/53CE082D539E52ED/_pD_BE/booking_app_BE/booking_app/bookings/services/booking_service.py", line 148, in _send_booking_confirmation_email
    f"Check-in Instructions: {booking.check_in_instructions or 'Provided upon confirmation'}"
AttributeError: 'Booking' object has no attribute 'check_in_instructions'
ERROR 2025-07-27 02:40:18,377 basehttp "POST /api/bookings/ HTTP/1.1" 500 123537
INFO 2025-07-27 02:41:01,992 autoreload /media/allano/53CE082D539E52ED/_pD_BE/booking_app_BE/booking_app/bookings/services/booking_service.py changed, reloading.
INFO 2025-07-27 02:41:05,272 autoreload Watching for file changes with StatReloader
INFO 2025-07-27 02:41:11,862 basehttp "POST /api/bookings/ HTTP/1.1" 201 10733
WARNING 2025-07-27 02:42:07,758 log Not Found: /booking/confirm/c369e304-4f11-48e0-84bd-ce523cd5267c/Bi2r8hE82MHSXeH5cCoXvwYBoUi4cEovkw3wRzLkXps
WARNING 2025-07-27 02:42:07,758 log Not Found: /booking/confirm/c369e304-4f11-48e0-84bd-ce523cd5267c/Bi2r8hE82MHSXeH5cCoXvwYBoUi4cEovkw3wRzLkXps
WARNING 2025-07-27 02:42:07,761 basehttp "GET /booking/confirm/c369e304-4f11-48e0-84bd-ce523cd5267c/Bi2r8hE82MHSXeH5cCoXvwYBoUi4cEovkw3wRzLkXps HTTP/1.1" 404 4582
WARNING 2025-07-27 02:42:28,690 log Not Found: /api/booking/confirm/c369e304-4f11-48e0-84bd-ce523cd5267c/Bi2r8hE82MHSXeH5cCoXvwYBoUi4cEovkw3wRzLkXps
WARNING 2025-07-27 02:42:28,690 log Not Found: /api/booking/confirm/c369e304-4f11-48e0-84bd-ce523cd5267c/Bi2r8hE82MHSXeH5cCoXvwYBoUi4cEovkw3wRzLkXps
WARNING 2025-07-27 02:42:28,693 basehttp "GET /api/booking/confirm/c369e304-4f11-48e0-84bd-ce523cd5267c/Bi2r8hE82MHSXeH5cCoXvwYBoUi4cEovkw3wRzLkXps HTTP/1.1" 404 16848
WARNING 2025-07-27 02:42:55,456 log Not Found: /booking/confirm/c369e304-4f11-48e0-84bd-ce523cd5267c/Bi2r8hE82MHSXeH5cCoXvwYBoUi4cEovkw3wRzLkXps
WARNING 2025-07-27 02:42:55,456 log Not Found: /booking/confirm/c369e304-4f11-48e0-84bd-ce523cd5267c/Bi2r8hE82MHSXeH5cCoXvwYBoUi4cEovkw3wRzLkXps
WARNING 2025-07-27 02:42:55,460 basehttp "GET /booking/confirm/c369e304-4f11-48e0-84bd-ce523cd5267c/Bi2r8hE82MHSXeH5cCoXvwYBoUi4cEovkw3wRzLkXps HTTP/1.1" 404 4582
WARNING 2025-07-27 02:43:11,535 log Not Found: /api/booking/confirm/c369e304-4f11-48e0-84bd-ce523cd5267c/Bi2r8hE82MHSXeH5cCoXvwYBoUi4cEovkw3wRzLkXps
WARNING 2025-07-27 02:43:11,535 log Not Found: /api/booking/confirm/c369e304-4f11-48e0-84bd-ce523cd5267c/Bi2r8hE82MHSXeH5cCoXvwYBoUi4cEovkw3wRzLkXps
WARNING 2025-07-27 02:43:11,538 basehttp "GET /api/booking/confirm/c369e304-4f11-48e0-84bd-ce523cd5267c/Bi2r8hE82MHSXeH5cCoXvwYBoUi4cEovkw3wRzLkXps HTTP/1.1" 404 16848
INFO 2025-07-27 20:31:30,295 autoreload Watching for file changes with StatReloader
INFO 2025-07-27 20:32:45,806 autoreload Watching for file changes with StatReloader
